,id,motif,distFromORF
0,YAL067C,ATGACAC,376
1,YAL064C-A,TATGACT,240
2,YAL064W,TTAGTCA,335
3,YAL063C-A,ATGACTG,357
4,YAL063C-A,ATGACAC,485
5,YAL063C,ATGACAC,107
6,YAL059W,GTGACTC,442
7,YAL059W,TATGACT,422
8,YAL059W,ATGACTG,421
9,YAL047W-A,ATGAGTC,452
10,YAL048C,TGAGTCA,248
11,YAL048C,GAGTCAT,247
12,YAL048C,ATGAGTC,249
13,YAL047C,ATGACTC,426
14,YAL046C,ATGACTG,572
15,YAL046C,GATGACT,573
16,YAL044W-A,GAGTCAT,241
17,YAL045C,ATGACTG,161
18,YAL045C,GATGACT,162
19,YAL044C,GAGTCAT,113
20,YAL044C,GAGTCAC,97
21,YAL041W,AGTCATC,427
22,YAL039C,TAGTCAT,548
23,YAL036C,GTGTCAT,405
24,YAL035W,ATGACAC,594
25,YAL034W-A,AGTCATC,544
26,YAL034C-B,GAGTCAT,452
27,YAL034C-B,GTGTCAT,444
28,YAL034C,AGTCATA,280
29,YAL034C,CAGTCAT,281
30,YAL033W,TATGACT,481
31,YAL033W,ATGACTG,480
32,YAL031W-A,TATGACT,412
33,YAL026C-A,GTGTCAT,450
34,YAL019W,CAGTCAT,542
35,YAL018C,TGACTCA,209
36,YAL018C,GTGACTC,210
37,YAL017W,TGAGTCA,481
38,YAL017W,GAGTCAC,480
39,YAL016C-B,ATGACTC,492
40,YAL016C-A,TGAGTCA,486
41,YAL015C,GACTCAT,369
42,YAL014C,TGACTCA,258
43,YAL014C,GACTCAT,257
44,YAL009W,GAGTCAT,589
45,YAL007C,CAGTCAT,551
46,YAL007C,AGTCATC,550
47,YAL004W,ATGACAC,548
48,YAL001C,TGACTCA,548
49,YAR002W,TGAGTCA,549
50,YAR019W-A,ATGACTC,290
51,YAR019W-A,GATGACT,291
52,YAR029W,TGACTAA,156
53,YAR033W,AGTCATA,31
54,YAR033W,TAGTCAT,32
55,YAR033W,GTGTCAT,303
56,YAR035W,GAGTCAT,178
57,YAR035W,AGTCATC,177
58,YAR050W,GAGTCAC,269
59,YAR053W,TGACTAA,242
60,YAR068W,GTGTCAT,315
61,YAR073W,TGACTAA,528
62,YJL225W-A,GTGTCAT,242
63,YJL220W,TGACTAA,34
64,YJL220W,ATGACTA,35
65,YJL220W,GATGACT,36
66,YJL216C,ATGACTA,39
67,YJL216C,GATGACT,40
68,YJL215C,CAGTCAT,122
69,YJL213W,CAGTCAT,52
70,YJL213W,GTGTCAT,161
71,YJL212C,TTAGTCA,471
72,YJL210W,TGACTAA,205
73,YJL202C,TGACTCA,409
74,YJL202C,ATGACTC,410
75,YJL202C,GACTCAT,408
76,YJL202C,AGTCATA,224
77,YJL200C,TGAGTCA,233
78,YJL200C,GAGTCAT,232
79,YJL200C,AGTCATC,231
80,YJL199C,AGTCATA,339
81,YJL199C,CAGTCAT,340
82,YJL198W,TATGACT,329
83,YJL198W,ATGACTG,328
84,YJL197W,GTGTCAT,434
85,YJL197W,GTGTCAT,380
86,YJL190C,TTAGTCA,119
87,YJL189W,TGACTAA,518
88,YJL188C,ATGACAC,361
89,YJL173C,TGACTAA,216
90,YJL173C,AGTCATA,446
91,YJL173C,CAGTCAT,447
92,YJL172W,GTGTCAT,344
93,YJL171C,ATGACAC,434
94,YJL170C,GATGACT,600
95,YJL169W,TAGTCAT,326
96,YJL166W,ATGAGTC,432
97,YJL165C,TGACTAA,504
98,YJL165C,ATGACTA,505
99,YJL160C,TGACTCA,164
100,YJL160C,GAGTCAC,212
101,YJL156C,ATGACTC,361
102,YJL155C,AGTCATA,473
103,YJL152W,TGAGTCA,572
104,YJL152W,GAGTCAT,571
105,YJL148W,GTGTCAT,458
106,YJL147C,ATGACAC,240
107,YJL147C,AGTCATA,182
108,YJL147C,CAGTCAT,183
109,YJL147C,GTGTCAT,304
110,YJL146W,TATGACT,549
111,YJL146W,ATGACTG,548
112,YJL146W,ATGACAC,427
113,YJL146W,GTGTCAT,491
114,YJL145W,TAGTCAT,262
115,YJL143W,TGACTAA,564
116,YJL141C,ATGACAC,354
117,YJL141C,ATGAGTC,184
118,YJL140W,GACTCAT,393
119,YJL140W,GTGTCAT,223
120,YJL137C,ATGACTC,490
121,YJL137C,GATGACT,491
122,YJL137C,GTGTCAT,48
123,YJL133C-A,GTGTCAT,284
124,YJL133W,ATGACAC,494
125,YJL127W-A,GATGACT,143
126,YJL127C,TAGTCAT,287
127,YJL124C,AGTCATA,520
128,YJL120W,AGTCATA,387
129,YJL120W,CAGTCAT,388
130,YJL112W,ATGACTG,481
131,YJL112W,GATGACT,482
132,YJL108C,TATGACT,54
133,YJL101C,TTAGTCA,384
134,YJL101C,GAGTCAC,96
135,YJL100W,TGACTAA,529
136,YJL098W,AGTCATC,241
137,YJL097W,ATGACTA,544
138,YJL091C,GAGTCAC,453
139,YJL090C,ATGACAC,521
140,YJL090C,GAGTCAT,526
141,YJL090C,TTAGTCA,330
142,YJL089W,ATGACTC,355
143,YJL089W,TGACTAA,551
144,YJL089W,GTGTCAT,360
145,YJL088W,TGACTCA,314
146,YJL088W,ATGACTC,439
147,YJL088W,GTGACTC,315
148,YJL088W,GACTCAT,313
149,YJL084C,CAGTCAT,15
150,YJL079C,GAGTCAT,449
151,YJL074C,CAGTCAT,515
152,YJL072C,ATGACTC,186
153,YJL072C,TGACTAA,162
154,YJL072C,TATGACT,187
155,YJL072C,ATGACTA,163
156,YJL072C,GATGACT,164
157,YJL072C,ATGACAC,493
158,YJL071W,GAGTCAT,90
159,YJL071W,TTAGTCA,114
160,YJL071W,AGTCATA,89
161,YJL071W,TAGTCAT,113
162,YJL071W,AGTCATC,112
163,YJL069C,TATGACT,280
164,YJL066C,ATGAGTC,510
165,YJL066C,GTGTCAT,309
166,YJL065C,TTAGTCA,477
167,YJL065C,CAGTCAT,467
168,YJL065C,AGTCATC,466
169,YJL060W,CAGTCAT,94
170,YJL056C,CAGTCAT,153
171,YJL056C,AGTCATC,152
172,YJL055W,ATGACTG,137
173,YJL055W,GATGACT,138
174,YJL055W,GAGTCAT,327
175,YJL055W,AGTCATC,326
176,YJL052W,ATGACTC,547
177,YJL050W,TGACTCA,62
178,YJL050W,GTGACTC,63
179,YJL050W,CAGTCAT,446
180,YJL050W,AGTCATC,445
181,YJL043W,GAGTCAT,548
182,YJL038C,TATGACT,559
183,YJL038C,ATGACTA,558
184,YJL038C,GTGTCAT,470
185,YJL037W,ATGACAC,424
186,YJL037W,AGTCATA,335
187,YJL037W,TAGTCAT,336
188,YJL035C,ATGAGTC,74
189,YJL034W,GACTCAT,258
190,YJL033W,GTGTCAT,217
191,YJL027C,CAGTCAT,519
192,YJL024C,AGTCATA,388
193,YJL022W,GTGTCAT,260
194,YJL020W-A,TGACTCA,304
195,YJL020W-A,GACTCAT,303
196,YJL020W-A,TTAGTCA,480
197,YJL015C,TTAGTCA,307
198,YJL011C,GAGTCAT,229
199,YJL011C,AGTCATA,228
200,YJL008C,TATGACT,455
201,YJL008C,ATGACTA,454
202,YJL007C,TTAGTCA,536
203,YJL007C,AGTCATA,534
204,YJL007C,TAGTCAT,535
205,YJL006C,TATGACT,450
206,YJL004C,TGACTAA,410
207,YJL003W,TTAGTCA,40
208,YJL002C,TGACTCA,249
209,YJL001W,TGAGTCA,269
210,YJR001W,GAGTCAT,50
211,YJR003C,GTGTCAT,532
212,YJR008W,TGAGTCA,514
213,YJR008W,ATGAGTC,515
214,YJR008W,GTGTCAT,460
215,YJR010W,ATGACAC,433
216,YJR016C,TGACTCA,135
217,YJR016C,ATGACTC,136
218,YJR016C,GATGACT,137
219,YJR018W,TGAGTCA,449
220,YJR018W,GAGTCAT,448
221,YJR018W,AGTCATC,447
222,YJR020W,ATGACTC,285
223,YJR023C,GATGACT,246
224,YJR025C,TGAGTCA,122
225,YJR025C,GAGTCAC,121
226,YJR032W,TGACTCA,432
227,YJR033C,ATGACAC,299
228,YJR033C,TTAGTCA,425
229,YJR033C,TAGTCAT,424
230,YJR034W,GTGTCAT,533
231,YJR035W,TGACTAA,485
232,YJR035W,ATGACTA,486
233,YJR036C,CAGTCAT,578
234,YJR036C,ATGAGTC,440
235,YJR036C,AGTCATC,577
236,YJR039W,GACTCAT,111
237,YJR041C,TGACTCA,260
238,YJR041C,AGTCATA,447
239,YJR041C,CAGTCAT,448
240,YJR042W,TGAGTCA,38
241,YJR043C,ATGACTA,546
242,YJR043C,GATGACT,547
243,YJR045C,GTGTCAT,570
244,YJR049C,ATGACTG,562
245,YJR051W,GACTCAT,344
246,YJR053W,ATGACTC,407
247,YJR053W,TGACTAA,221
248,YJR053W,GATGACT,408
249,YJR055W,TAGTCAT,572
250,YJR055W,AGTCATC,571
251,YJR065C,ATGACTC,211
252,YJR066W,GAGTCAT,53
253,YJR072C,GAGTCAC,402
254,YJR074W,GTGACTC,575
255,YJR080C,CAGTCAT,76
256,YJR084W,TGACTAA,224
257,YJR090C,TAGTCAT,429
258,YJR090C,AGTCATC,428
259,YJR094C,TTAGTCA,104
260,YJR095W,TGAGTCA,120
261,YJR095W,GAGTCAT,119
262,YJR096W,ATGACAC,485
263,YJR097W,GATGACT,152
264,YJR104C,ATGACTA,506
265,YJR104C,GACTCAT,409
266,YJR104C,GATGACT,507
267,YJR105W,TAGTCAT,67
268,YJR105W,ATGAGTC,164
269,YJR105W,AGTCATC,66
270,YJR106W,TGACTAA,350
271,YJR109C,TGACTCA,346
272,YJR109C,ATGACTC,347
273,YJR109C,ATGACTC,294
274,YJR109C,GACTCAT,345
275,YJR110W,TGAGTCA,334
276,YJR110W,GAGTCAT,386
277,YJR110W,GAGTCAT,333
278,YJR110W,ATGAGTC,335
279,YJR111C,TGACTAA,158
280,YJR112W,TTAGTCA,172
281,YJR117W,ATGACTG,564
282,YJR119C,TTAGTCA,65
283,YJR120W,TGACTAA,577
284,YJR122W,TGACTAA,152
285,YJR124C,TTAGTCA,188
286,YJR127C,GACTCAT,400
287,YJR130C,TATGACT,204
288,YJR130C,TTAGTCA,123
289,YJR130C,AGTCATA,121
290,YJR130C,TAGTCAT,122
291,YJR131W,TGACTAA,390
292,YJR131W,TATGACT,392
293,YJR131W,ATGACTA,391
294,YJR131W,AGTCATA,309
295,YJR135C,ATGACTC,485
296,YJR135C,GTGTCAT,236
297,YJR136C,ATGACTG,556
298,YJR136C,GACTCAT,117
299,YJR137C,TGAGTCA,214
300,YJR137C,GAGTCAT,213
301,YJR138W,TATGACT,211
302,YJR138W,ATGACTA,210
303,YJR142W,GAGTCAC,421
304,YJR146W,TGACTAA,205
305,YJR146W,ATGACTA,206
306,YJR147W,TGACTAA,516
307,YJR147W,ATGACTA,517
308,YJR152W,TATGACT,510
309,YJR152W,ATGACTG,509
310,YJR153W,CAGTCAT,451
311,YJR154W,TGACTCA,324
312,YJR154W,ATGACTC,325
313,YJR157W,ATGACTA,324
314,YJR157W,ATGACTG,299
315,YJR157W,TTAGTCA,271
316,YJR160C,GAGTCAT,266
317,YJR160C,AGTCATC,265
318,YKL224C,ATGACTG,120
319,YKL224C,GATGACT,121
320,YKL223W,CAGTCAT,94
321,YKL223W,AGTCATC,93
322,YKL221W,TGACTAA,509
323,YKL220C,GTGACTC,490
324,YKL218C,TGACTAA,198
325,YKL218C,GTGACTC,561
326,YKL218C,ATGACTA,199
327,YKL218C,CAGTCAT,289
328,YKL211C,TGACTCA,123
329,YKL211C,GACTCAT,122
330,YKL207W,TGAGTCA,313
331,YKL204W,TAGTCAT,221
332,YKL203C,TAGTCAT,68
333,YKL202W,ATGACTA,400
334,YKL197C,ATGAGTC,347
335,YKL195W,AGTCATA,409
336,YKL192C,GAGTCAC,189
337,YKL191W,GTGACTC,315
338,YKL190W,ATGACTC,311
339,YKL187C,TTAGTCA,334
340,YKL186C,ATGACTC,227
341,YKL179C,GTGTCAT,184
342,YKL177W,TGACTAA,386
343,YKL177W,ATGACTA,387
344,YKL173W,GACTCAT,491
345,YKL172W,TATGACT,153
346,YKL170W,ATGACAC,497
347,YKL170W,CAGTCAT,491
348,YKL169C,AGTCATA,109
349,YKL165C,GACTCAT,27
350,YKL160W,ATGACAC,300
351,YKL149C,TGACTCA,292
352,YKL149C,AGTCATA,65
353,YKL148C,GAGTCAC,345
354,YKL146W,GTGACTC,315
355,YKL145W,ATGACTC,296
356,YKL145W,TATGACT,297
357,YKL142W,GATGACT,537
358,YKL142W,TGAGTCA,550
359,YKL138C-A,AGTCATA,550
360,YKL137W,TATGACT,401
361,YKL135C,TGACTAA,128
362,YKL135C,ATGACTA,129
363,YKL132C,TGAGTCA,84
364,YKL130C,ATGACTG,331
365,YKL130C,GATGACT,332
366,YKL128C,GTGTCAT,98
367,YKL127W,ATGACTC,515
368,YKL127W,TATGACT,516
369,YKL124W,TGACTAA,469
370,YKL124W,ATGACTA,470
371,YKL124W,GATGACT,471
372,YKL124W,TGAGTCA,183
373,YKL120W,TGACTAA,183
374,YKL118W,ATGACAC,345
375,YKL119C,TGACTCA,150
376,YKL113C,ATGACAC,555
377,YKL112W,GTGTCAT,146
378,YKL111C,GAGTCAT,339
379,YKL110C,GACTCAT,323
380,YKL110C,AGTCATA,381
381,YKL109W,GTGTCAT,509
382,YKL106W,GAGTCAT,325
383,YKL106W,AGTCATA,324
384,YKL104C,CAGTCAT,197
385,YKL104C,AGTCATC,196
386,YKL103C,TTAGTCA,383
387,YKL102C,CAGTCAT,559
388,YKL100W-A,GTGTCAT,8
389,YKL096C-B,TGACTCA,514
390,YKL096C-B,GACTCAT,513
391,YKL094W,TGACTAA,48
392,YKL091C,ATGACAC,562
393,YKL091C,GAGTCAC,422
394,YKL090W,ATGACAC,36
395,YKL087C,TGACTAA,273
396,YKL087C,ATGACTA,274
397,YKL086W,TTAGTCA,151
398,YKL086W,TAGTCAT,150
399,YKL080W,AGTCATA,233
400,YKL080W,CAGTCAT,234
401,YKL072W,GATGACT,286
402,YKL072W,TTAGTCA,332
403,YKL071W,GACTCAT,600
404,YKL068W,AGTCATC,138
405,YKL067W,TAGTCAT,522
406,YKL067W,AGTCATC,521
407,YKL064W,TGACTAA,100
408,YKL064W,ATGACTA,101
409,YKL064W,GATGACT,102
410,YKL061W,ATGACTC,229
411,YKL061W,GATGACT,230
412,YKL060C,GAGTCAC,394
413,YKL056C,TTAGTCA,555
414,YKL041W,GTGTCAT,251
415,YKL040C,TGACTAA,9
416,YKL037W,GAGTCAT,415
417,YKL037W,CAGTCAT,408
418,YKL037W,AGTCATC,414
419,YKL033W-A,ATGACAC,184
420,YKL029C,GACTCAT,281
421,YKL026C,TATGACT,560
422,YKL026C,ATGACTA,559
423,YKL026C,TTAGTCA,95
424,YKL026C,TAGTCAT,94
425,YKL024C,ATGACAC,417
426,YKL023C-A,ATGACAC,184
427,YKL023W,GTGTCAT,170
428,YKL017C,CAGTCAT,581
429,YKL017C,CAGTCAT,549
430,YKL016C,TGACTCA,331
431,YKL016C,ATGACTC,332
432,YKL016C,TGACTAA,263
433,YKL016C,GATGACT,333
434,YKL015W,TGAGTCA,230
435,YKL015W,GAGTCAT,229
436,YKL015W,TTAGTCA,298
437,YKL015W,AGTCATC,228
438,YKL011C,TATGACT,177
439,YKL009W,GACTCAT,407
440,YKL009W,TAGTCAT,458
441,YKL009W,AGTCATC,457
442,YKL002W,ATGACAC,560
443,YKL001C,TATGACT,160
444,YKR003W,AGTCATA,397
445,YKR003W,CAGTCAT,398
446,YKR004C,TGACTAA,193
447,YKR004C,TAGTCAT,487
448,YKR016W,GACTCAT,182
449,YKR018C,GTGACTC,310
450,YKR019C,TGACTAA,294
451,YKR021W,TATGACT,9
452,YKR021W,ATGACTA,8
453,YKR029C,TGACTAA,436
454,YKR030W,GACTCAT,585
455,YKR030W,TTAGTCA,19
456,YKR035C,ATGACTC,269
457,YKR035C,GATGACT,270
458,YKR036C,AGTCATA,74
459,YKR036C,TAGTCAT,75
460,YKR040C,GACTCAT,532
461,YKR042W,ATGAGTC,435
462,YKR043C,TGAGTCA,574
463,YKR046C,AGTCATA,320
464,YKR046C,CAGTCAT,321
465,YKR051W,ATGACTA,533
466,YKR052C,TGAGTCA,410
467,YKR052C,ATGAGTC,411
468,YKR058W,GAGTCAT,326
469,YKR062W,TTAGTCA,372
470,YKR063C,GACTCAT,184
471,YKR063C,GAGTCAT,263
472,YKR063C,AGTCATA,262
473,YKR064W,ATGAGTC,72
474,YKR066C,ATGACTC,166
475,YKR066C,TATGACT,167
476,YKR067W,GAGTCAT,560
477,YKR067W,AGTCATA,559
478,YKR068C,ATGAGTC,495
479,YKR069W,GACTCAT,214
480,YKR072C,TGAGTCA,326
481,YKR072C,ATGAGTC,327
482,YKR075C,ATGACTG,196
483,YKR075C,GATGACT,197
484,YKR076W,ATGACAC,442
485,YKR076W,TTAGTCA,168
486,YKR079C,TAGTCAT,142
487,YKR080W,TGACTCA,174
488,YKR082W,CAGTCAT,535
489,YKR085C,CAGTCAT,126
490,YKR085C,AGTCATC,125
491,YKR086W,ATGACTG,56
492,YKR086W,GATGACT,57
493,YKR087C,TGACTAA,477
494,YKR092C,CAGTCAT,415
495,YKR095W-A,TGAGTCA,507
496,YKR095W-A,ATGAGTC,508
497,YKR097W,TGACTCA,509
498,YKR098C,AGTCATA,13
499,YKR100C,TGACTAA,225
500,YKR101W,TTAGTCA,353
501,YKR101W,CAGTCAT,578
502,YKR101W,AGTCATC,577
503,YKR105C,GTGTCAT,155
504,YLL056C,ATGACAC,527
505,YLL055W,TGACTAA,513
506,YLL055W,ATGACTG,443
507,YLL055W,GATGACT,444
508,YLL054C,ATGACTG,592
509,YLL054C,GATGACT,593
510,YLL048C,TGACTAA,279
511,YLL048C,GTGTCAT,355
512,YLL047W,ATGACAC,58
513,YLL047W,TTAGTCA,134
514,YLL043W,GTGTCAT,445
515,YLL042C,TATGACT,387
516,YLL042C,ATGACTA,386
517,YLL040C,TGAGTCA,97
518,YLL039C,GTGTCAT,215
519,YLL036C,GATGACT,153
520,YLL036C,AGTCATC,495
521,YLL035W,AGTCATC,177
522,YLL033W,TTAGTCA,501
523,YLL032C,AGTCATC,127
524,YLL029W,TGAGTCA,153
525,YLL028W,TGAGTCA,184
526,YLL028W,TTAGTCA,36
527,YLL028W,GAGTCAC,183
528,YLL027W,TTAGTCA,365
529,YLL027W,AGTCATA,363
530,YLL027W,TAGTCAT,364
531,YLL025W,GATGACT,426
532,YLL023C,ATGACTA,420
533,YLL022C,AGTCATA,459
534,YLL021W,TATGACT,293
535,YLL020C,CAGTCAT,166
536,YLL018C,GACTCAT,226
537,YLL010C,GTGTCAT,118
538,YLL008W,CAGTCAT,321
539,YLL007C,TGACTCA,62
540,YLL007C,CAGTCAT,293
541,YLL007C,GTGTCAT,52
542,YLL006W,ATGACAC,241
543,YLL006W,TGAGTCA,231
544,YLL005C,ATGACAC,111
545,YLL004W,GTGTCAT,422
546,YLL003W,TATGACT,533
547,YLL003W,ATGACTA,532
548,YLR003C,GTGTCAT,538
549,YLR006C,ATGACTA,196
550,YLR007W,TAGTCAT,309
551,YLR010C,AGTCATA,231
552,YLR010C,TAGTCAT,232
553,YLR011W,AGTCATC,469
554,YLR012C,GAGTCAT,371
555,YLR012C,AGTCATA,370
556,YLR013W,AGTCATA,222
557,YLR013W,CAGTCAT,223
558,YLR014C,GATGACT,372
559,YLR021W,TAGTCAT,527
560,YLR022C,TATGACT,568
561,YLR022C,ATGACTG,567
562,YLR023C,AGTCATA,247
563,YLR023C,TAGTCAT,517
564,YLR023C,TAGTCAT,248
565,YLR024C,ATGACTC,478
566,YLR024C,GACTCAT,471
567,YLR024C,GATGACT,479
568,YLR025W,GATGACT,338
569,YLR026C,TTAGTCA,590
570,YLR027C,TGAGTCA,144
571,YLR031W,TGACTCA,222
572,YLR033W,AGTCATA,262
573,YLR033W,TAGTCAT,263
574,YLR038C,ATGACAC,247
575,YLR039C,TGACTAA,550
576,YLR039C,ATGACTA,551
577,YLR041W,TTAGTCA,237
578,YLR041W,TAGTCAT,236
579,YLR042C,GACTCAT,218
580,YLR046C,ATGACAC,190
581,YLR052W,CAGTCAT,531
582,YLR053C,GAGTCAT,300
583,YLR057W,TGACTCA,495
584,YLR057W,ATGACTC,496
585,YLR057W,GACTCAT,494
586,YLR057W,GATGACT,497
587,YLR058C,ATGACTC,278
588,YLR058C,GAGTCAC,390
589,YLR058C,ATGAGTC,148
590,YLR059C,TAGTCAT,230
591,YLR059C,AGTCATC,229
592,YLR060W,ATGACTA,208
593,YLR060W,GATGACT,209
594,YLR064W,GACTCAT,44
595,YLR069C,GTGACTC,377
596,YLR072W,TAGTCAT,242
597,YLR074C,TTAGTCA,307
598,YLR075W,TGACTAA,170
599,YLR078C,GAGTCAT,267
600,YLR082C,TATGACT,188
601,YLR086W,AGTCATA,574
602,YLR087C,TGACTCA,39
603,YLR087C,TATGACT,283
604,YLR088W,TGAGTCA,343
605,YLR088W,AGTCATA,99
606,YLR091W,TGACTAA,353
607,YLR092W,TTAGTCA,199
608,YLR092W,AGTCATA,197
609,YLR092W,TAGTCAT,198
610,YLR093C,TGACTAA,98
611,YLR099W-A,GAGTCAT,553
612,YLR099W-A,AGTCATC,552
613,YLR101C,TTAGTCA,173
614,YLR101C,AGTCATC,155
615,YLR103C,TTAGTCA,245
616,YLR104W,TGACTAA,405
617,YLR117C,GACTCAT,69
618,YLR122C,GAGTCAT,275
619,YLR123C,GAGTCAT,199
620,YLR125W,AGTCATC,434
621,YLR126C,TGACTAA,434
622,YLR130C,TAGTCAT,334
623,YLR130C,AGTCATC,333
624,YLR133W,GACTCAT,506
625,YLR137W,TAGTCAT,445
626,YLR138W,TATGACT,402
627,YLR146W-A,TGAGTCA,510
628,YLR146W-A,ATGAGTC,511
629,YLR147C,ATGACAC,401
630,YLR148W,TAGTCAT,184
631,YLR152C,TGAGTCA,161
632,YLR152C,GAGTCAT,160
633,YLR152C,AGTCATA,159
634,YLR155C,ATGACAC,264
635,YLR155C,ATGAGTC,94
636,YLR157C,ATGACAC,264
637,YLR157C,ATGAGTC,94
638,YLR157W-E,ATGACTA,79
639,YLR157W-E,GATGACT,80
640,YLR158C,ATGACAC,264
641,YLR158C,ATGAGTC,94
642,YLR160C,ATGACAC,264
643,YLR160C,ATGAGTC,94
644,YLR163W-A,ATGACAC,386
645,YLR163C,GACTCAT,106
646,YLR164W,ATGAGTC,529
647,YLR166C,ATGACTC,341
648,YLR166C,TATGACT,342
649,YLR167W,GAGTCAT,568
650,YLR167W,AGTCATA,567
651,YLR169W,TGACTCA,294
652,YLR169W,ATGACTC,295
653,YLR169W,GACTCAT,293
654,YLR169W,GAGTCAT,420
655,YLR169W,AGTCATC,419
656,YLR175W,TGACTAA,426
657,YLR175W,ATGACTA,427
658,YLR178C,TATGACT,379
659,YLR178C,ATGACTA,378
660,YLR181C,GTGTCAT,400
661,YLR184W,ATGACTC,410
662,YLR184W,GATGACT,411
663,YLR187W,AGTCATC,350
664,YLR189C,GATGACT,193
665,YLR191W,ATGACAC,172
666,YLR192C,CAGTCAT,266
667,YLR198C,TATGACT,137
668,YLR200W,TTAGTCA,308
669,YLR207W,GTGACTC,38
670,YLR212C,ATGACTG,407
671,YLR212C,TTAGTCA,37
672,YLR215C,ATGACAC,389
673,YLR217W,CAGTCAT,212
674,YLR217W,AGTCATC,211
675,YLR218C,TGACTAA,414
676,YLR218C,ATGACTA,415
677,YLR228C,GTGACTC,400
678,YLR230W,TATGACT,367
679,YLR230W,ATGACTA,366
680,YLR233C,ATGACAC,22
681,YLR233C,TAGTCAT,436
682,YLR234W,GTGTCAT,243
683,YLR235C,GATGACT,324
684,YLR236C,GATGACT,137
685,YLR237W,AGTCATC,119
686,YLR239C,TGACTCA,141
687,YLR239C,ATGACTG,532
688,YLR240W,TGAGTCA,80
689,YLR240W,GTGTCAT,311
690,YLR242C,GATGACT,267
691,YLR242C,ATGACAC,339
692,YLR243W,AGTCATC,59
693,YLR244C,TAGTCAT,262
694,YLR246W,ATGACTA,531
695,YLR249W,TTAGTCA,540
696,YLR250W,TTAGTCA,238
697,YLR252W,TGACTAA,81
698,YLR253W,TGAGTCA,435
699,YLR253W,GAGTCAC,434
700,YLR262C-A,AGTCATA,468
701,YLR262C-A,TAGTCAT,469
702,YLR263W,TATGACT,216
703,YLR263W,ATGACTA,215
704,YLR265C,GTGTCAT,76
705,YLR266C,TGACTCA,220
706,YLR266C,ATGACTC,221
707,YLR267W,TGAGTCA,274
708,YLR267W,GAGTCAT,273
709,YLR269C,TGACTCA,485
710,YLR269C,TGACTAA,375
711,YLR277C,ATGACTA,526
712,YLR277C,GATGACT,527
713,YLR278C,TTAGTCA,181
714,YLR278C,TAGTCAT,180
715,YLR279W,TGACTAA,110
716,YLR279W,ATGACTA,111
717,YLR285C-A,ATGACTC,174
718,YLR285C-A,TATGACT,175
719,YLR286W-A,GAGTCAT,56
720,YLR286W-A,AGTCATA,55
721,YLR287C,CAGTCAT,426
722,YLR289W,AGTCATA,544
723,YLR289W,TAGTCAT,545
724,YLR290C,TGACTCA,155
725,YLR290C,GACTCAT,154
726,YLR294C,TGAGTCA,38
727,YLR299C-A,ATGACTG,424
728,YLR299C-A,GATGACT,425
729,YLR300W,TGACTAA,118
730,YLR300W,CAGTCAT,534
731,YLR300W,AGTCATC,533
732,YLR303W,TGACTAA,257
733,YLR303W,ATGACTA,258
734,YLR303W,TTAGTCA,245
735,YLR307W,ATGACTA,297
736,YLR307C-A,TGACTAA,222
737,YLR307C-A,TATGACT,224
738,YLR307C-A,ATGACTA,223
739,YLR310C,GTGTCAT,577
740,YLR312C,TATGACT,441
741,YLR312C,ATGACTA,440
742,YLR312W-A,AGTCATA,212
743,YLR312W-A,TAGTCAT,213
744,YLR316C,ATGACTG,377
745,YLR316C,GTGTCAT,120
746,YLR318W,ATGACAC,70
747,YLR322W,AGTCATA,501
748,YLR326W,ATGACTG,170
749,YLR327C,TGACTCA,537
750,YLR327C,GTGACTC,538
751,YLR329W,TATGACT,216
752,YLR332W,AGTCATA,446
753,YLR331C,TGAGTCA,409
754,YLR334C,GAGTCAC,427
755,YLR335W,CAGTCAT,569
756,YLR335W,AGTCATC,568
757,YLR342W-A,ATGACAC,268
758,YLR343W,ATGACAC,552
759,YLR355C,TGACTCA,311
760,YLR355C,TGACTCA,140
761,YLR355C,GTGACTC,312
762,YLR355C,GACTCAT,310
763,YLR358C,GATGACT,82
764,YLR359W,AGTCATC,156
765,YLR363W-A,GTGTCAT,316
766,YLR365W,TGACTAA,482
767,YLR365W,TATGACT,484
768,YLR365W,ATGACTA,540
769,YLR365W,ATGACTA,483
770,YLR369W,ATGACTG,586
771,YLR369W,AGTCATA,217
772,YLR369W,TAGTCAT,218
773,YLR370C,GAGTCAC,566
774,YLR373C,TAGTCAT,135
775,YLR375W,ATGACTA,201
776,YLR374C,GTGTCAT,533
777,YLR376C,AGTCATA,278
778,YLR381W,TATGACT,244
779,YLR381W,ATGACTA,243
780,YLR387C,TTAGTCA,118
781,YLR387C,AGTCATA,116
782,YLR387C,TAGTCAT,117
783,YLR389C,ATGACTG,450
784,YLR389C,ATGACTG,300
785,YLR389C,GATGACT,301
786,YLR390W,CAGTCAT,112
787,YLR390W,AGTCATC,111
788,YLR392C,TTAGTCA,341
789,YLR393W,TGACTAA,439
790,YLR397C,TGAGTCA,242
791,YLR397C,GAGTCAT,241
792,YLR399W-A,TAGTCAT,552
793,YLR399W-A,CAGTCAT,393
794,YLR399W-A,AGTCATC,551
795,YLR411W,TAGTCAT,337
796,YLR411W,AGTCATC,336
797,YLR412W,ATGACTG,220
798,YLR414C,TTAGTCA,501
799,YLR415C,TTAGTCA,48
800,YLR417W,TGACTAA,371
801,YLR421C,TGACTAA,292
802,YLR421C,TATGACT,294
803,YLR421C,ATGACTA,293
804,YLR421C,AGTCATC,192
805,YLR422W,GATGACT,151
806,YLR422W,TTAGTCA,51
807,YLR422W,AGTCATA,49
808,YLR422W,TAGTCAT,50
809,YLR425W,TGACTAA,559
810,YLR425W,TTAGTCA,421
811,YLR425W,CAGTCAT,478
812,YLR426W,AGTCATC,316
813,YLR432W,AGTCATC,68
814,YLR435W,GAGTCAT,422
815,YLR436C,GTGTCAT,573
816,YLR438W,AGTCATC,600
817,YLR438C-A,TGAGTCA,437
818,YLR438C-A,ATGAGTC,438
819,YLR439W,GAGTCAC,535
820,YLR441C,ATGACTA,105
821,YLR442C,ATGACTG,336
822,YLR443W,CAGTCAT,44
823,YLR446W,GTGACTC,507
824,YLR449W,AGTCATA,274
825,YLR450W,TTAGTCA,206
826,YLR451W,TGACTCA,417
827,YLR451W,ATGACTC,418
828,YLR451W,ATGACTC,242
829,YLR451W,TATGACT,419
830,YLR453C,ATGACAC,460
831,YLR454W,GTGTCAT,558
832,YLR456W,AGTCATA,351
833,YLR460C,TGACTAA,317
834,YLR460C,CAGTCAT,401
835,YLR461W,ATGACTG,120
836,YLR461W,GATGACT,121
837,YML131W,TTAGTCA,507
838,YML131W,AGTCATA,505
839,YML131W,TAGTCAT,506
840,YML131W,CAGTCAT,350
841,YML131W,AGTCATC,349
842,YML130C,GTGTCAT,136
843,YML122C,GATGACT,237
844,YML121W,AGTCATC,281
845,YML116W-A,AGTCATC,279
846,YML116W,TGACTCA,284
847,YML116W,GAGTCAC,314
848,YML115C,CAGTCAT,41
849,YML114C,GACTCAT,15
850,YML113W,TGACTAA,558
851,YML113W,ATGAGTC,461
852,YML108W,TTAGTCA,450
853,YML107C,TAGTCAT,101
854,YML106W,ATGACTA,409
855,YML105C,TGACTAA,241
856,YML105C,ATGACTG,259
857,YML101C,ATGACAC,462
858,YML100W,GTGTCAT,80
859,YML099C,ATGACTC,147
860,YML098W,GAGTCAT,86
861,YML097C,ATGACAC,83
862,YML096W,AGTCATA,405
863,YML096W,CAGTCAT,225
864,YML096W,GTGTCAT,142
865,YML094W,TAGTCAT,394
866,YML094W,AGTCATC,393
867,YML089C,GAGTCAC,448
868,YML088W,GTGACTC,384
869,YML087C,ATGACTG,350
870,YML087C,GATGACT,592
871,YML087C,GATGACT,351
872,YML086C,GACTCAT,599
873,YML085C,ATGACAC,482
874,YML080W,GACTCAT,492
875,YML076C,TGAGTCA,173
876,YML076C,GAGTCAT,172
877,YML076C,TTAGTCA,384
878,YML076C,AGTCATA,497
879,YML076C,AGTCATA,382
880,YML076C,TAGTCAT,383
881,YML074C,ATGACAC,336
882,YML072C,GTGACTC,557
883,YML072C,ATGACAC,467
884,YML068W,TTAGTCA,82
885,YML067C,AGTCATC,535
886,YML066C,GTGTCAT,160
887,YML065W,ATGACAC,523
888,YML058W,AGTCATC,206
889,YML057W,GAGTCAC,38
890,YML054C-A,CAGTCAT,383
891,YML053C,TATGACT,403
892,YML052W,AGTCATA,251
893,YML049C,GAGTCAT,392
894,YML049C,TTAGTCA,551
895,YML042W,ATGACTA,197
896,YML042W,ATGACTG,266
897,YML042W,AGTCATC,180
898,YML038C,GAGTCAT,253
899,YML038C,AGTCATC,252
900,YML036W,ATGACTC,536
901,YML036W,TATGACT,537
902,YML036W,GAGTCAT,295
903,YML036W,AGTCATC,294
904,YML035C,ATGACTG,575
905,YML034W,CAGTCAT,96
906,YML031C-A,ATGACTG,345
907,YML029W,GTGTCAT,32
908,YML025C,TATGACT,598
909,YML025C,ATGAGTC,123
910,YML024W,GACTCAT,407
911,YML023C,TGAGTCA,201
912,YML022W,TGACTCA,78
913,YML015C,TGAGTCA,308
914,YML015C,GAGTCAC,307
915,YML014W,GATGACT,303
916,YML009W-B,ATGACAC,49
917,YML005W,TAGTCAT,280
918,YMR008C,GATGACT,250
919,YMR009W,AGTCATA,563
920,YMR013C-A,TTAGTCA,258
921,YMR013C,TTAGTCA,140
922,YMR014W,ATGACTA,72
923,YMR016C,TGACTAA,529
924,YMR017W,TTAGTCA,356
925,YMR017W,GTGTCAT,260
926,YMR019W,GAGTCAC,49
927,YMR020W,TGAGTCA,287
928,YMR026C,GAGTCAT,152
929,YMR026C,TAGTCAT,448
930,YMR026C,AGTCATC,447
931,YMR026C,AGTCATC,151
932,YMR027W,ATGACTC,296
933,YMR027W,GATGACT,297
934,YMR028W,TATGACT,160
935,YMR028W,CAGTCAT,227
936,YMR030W-A,CAGTCAT,220
937,YMR033W,GAGTCAC,156
938,YMR034C,TAGTCAT,355
939,YMR035W,ATGACTA,71
940,YMR041C,GTGTCAT,183
941,YMR042W,ATGACAC,453
942,YMR044W,TTAGTCA,501
943,YMR044W,TAGTCAT,500
944,YMR044W,AGTCATC,499
945,YMR044W,GTGTCAT,16
946,YMR046W-A,TGACTCA,518
947,YMR047C,GAGTCAT,319
948,YMR047C,GTGTCAT,100
949,YMR048W,ATGACAC,182
950,YMR053C,TATGACT,479
951,YMR055C,GATGACT,483
952,YMR055C,ATGACAC,193
953,YMR055C,GTGTCAT,352
954,YMR056C,TTAGTCA,585
955,YMR056C,TAGTCAT,584
956,YMR056C,AGTCATC,583
957,YMR057C,TTAGTCA,99
958,YMR057C,TAGTCAT,98
959,YMR057C,AGTCATC,97
960,YMR059W,AGTCATC,75
961,YMR060C,ATGACTC,411
962,YMR060C,TATGACT,412
963,YMR062C,TGACTCA,152
964,YMR062C,ATGACTC,153
965,YMR062C,GATGACT,154
966,YMR062C,AGTCATA,475
967,YMR062C,TAGTCAT,476
968,YMR063W,TATGACT,229
969,YMR063W,ATGACTA,228
970,YMR063W,TGAGTCA,552
971,YMR063W,GAGTCAT,551
972,YMR063W,AGTCATC,550
973,YMR064W,GTGTCAT,96
974,YMR065W,AGTCATA,401
975,YMR075C-A,GATGACT,152
976,YMR077C,ATGACTG,451
977,YMR077C,GATGACT,452
978,YMR078C,AGTCATA,412
979,YMR082C,TGACTCA,275
980,YMR082C,ATGACTC,276
981,YMR082C,TATGACT,277
982,YMR083W,AGTCATA,20
983,YMR083W,TAGTCAT,21
984,YMR084W,TTAGTCA,189
985,YMR084W,TAGTCAT,188
986,YMR089C,GTGTCAT,433
987,YMR092C,ATGACTA,330
988,YMR093W,TAGTCAT,212
989,YMR095C,TGAGTCA,201
990,YMR095C,TGAGTCA,150
991,YMR095C,GAGTCAT,275
992,YMR095C,GAGTCAT,200
993,YMR095C,CAGTCAT,455
994,YMR095C,AGTCATC,454
995,YMR096W,TGACTCA,305
996,YMR096W,TGACTCA,254
997,YMR096W,ATGACTC,255
998,YMR096W,ATGACTC,180
999,YMR099C,ATGACTC,574
1000,YMR105C,ATGACTG,169
1001,YMR105C,GATGACT,170
1002,YMR105W-A,CAGTCAT,295
1003,YMR105W-A,AGTCATC,294
1004,YMR106C,ATGACTC,476
1005,YMR106C,TATGACT,477
1006,YMR107W,TATGACT,234
1007,YMR107W,ATGACTG,233
1008,YMR107W,TAGTCAT,452
1009,YMR107W,AGTCATC,524
1010,YMR109W,AGTCATA,271
1011,YMR109W,TAGTCAT,341
1012,YMR116C,TATGACT,306
1013,YMR116C,ATGACTA,305
1014,YMR119W-A,TGAGTCA,221
1015,YMR119W-A,GAGTCAC,220
1016,YMR126C,ATGACTA,547
1017,YMR126C,GATGACT,548
1018,YMR129W,CAGTCAT,372
1019,YMR132C,TAGTCAT,329
1020,YMR132C,CAGTCAT,413
1021,YMR133W,ATGACTA,314
1022,YMR133W,ATGACTG,230
1023,YMR135C,TGACTCA,431
1024,YMR135C,ATGACTC,432
1025,YMR137C,TGACTAA,26
1026,YMR138W,TTAGTCA,172
1027,YMR140W,ATGACAC,184
1028,YMR144W,AGTCATA,12
1029,YMR148W,GAGTCAT,157
1030,YMR150C,CAGTCAT,489
1031,YMR152W,ATGACTG,85
1032,YMR153C-A,GATGACT,432
1033,YMR155W,TGAGTCA,434
1034,YMR155W,GAGTCAC,433
1035,YMR164C,GTGACTC,96
1036,YMR165C,TAGTCAT,549
1037,YMR169C,TGACTCA,83
1038,YMR169C,GACTCAT,82
1039,YMR176W,AGTCATA,344
1040,YMR178W,CAGTCAT,73
1041,YMR179W,CAGTCAT,493
1042,YMR179W,AGTCATC,501
1043,YMR179W,AGTCATC,492
1044,YMR182C,ATGACAC,16
1045,YMR187C,GTGTCAT,284
1046,YMR188C,ATGACTC,263
1047,YMR188C,ATGACTC,245
1048,YMR188C,GATGACT,264
1049,YMR188C,GAGTCAT,250
1050,YMR189W,ATGACTC,252
1051,YMR189W,GAGTCAT,257
1052,YMR189W,GAGTCAT,239
1053,YMR189W,AGTCATC,238
1054,YMR190C,GAGTCAT,83
1055,YMR191W,ATGACTC,321
1056,YMR194C-A,ATGACTC,545
1057,YMR194C-A,CAGTCAT,492
1058,YMR195W,ATGACTG,412
1059,YMR195W,ATGACAC,273
1060,YMR195W,GAGTCAT,359
1061,YMR195W,TAGTCAT,101
1062,YMR197C,ATGACTG,144
1063,YMR198W,CAGTCAT,409
1064,YMR200W,AGTCATA,125
1065,YMR200W,TAGTCAT,126
1066,YMR202W,GAGTCAT,499
1067,YMR202W,AGTCATA,498
1068,YMR203W,TGACTCA,501
1069,YMR203W,ATGACTC,502
1070,YMR203W,TATGACT,503
1071,YMR203W,GACTCAT,500
1072,YMR203W,CAGTCAT,266
1073,YMR206W,ATGACTC,518
1074,YMR207C,AGTCATC,465
1075,YMR208W,GATGACT,444
1076,YMR210W,GTGTCAT,289
1077,YMR216C,ATGAGTC,405
1078,YMR217W,GACTCAT,352
1079,YMR218C,TATGACT,471
1080,YMR218C,ATGACTG,470
1081,YMR221C,TTAGTCA,539
1082,YMR225C,GAGTCAT,419
1083,YMR227C,AGTCATA,553
1084,YMR227C,CAGTCAT,554
1085,YMR229C,CAGTCAT,227
1086,YMR232W,AGTCATA,349
1087,YMR233W,ATGACTC,380
1088,YMR238W,ATGACAC,449
1089,YMR243C,GTGACTC,343
1090,YMR243C,AGTCATA,354
1091,YMR243C,AGTCATC,118
1092,YMR245W,ATGACTA,130
1093,YMR251W,TGACTAA,177
1094,YMR251W,ATGACTA,178
1095,YMR251W,GATGACT,179
1096,YMR251W-A,TGACTAA,477
1097,YMR251W-A,TATGACT,479
1098,YMR251W-A,ATGACTA,478
1099,YMR252C,GTGTCAT,166
1100,YMR253C,ATGACAC,428
1101,YMR254C,ATGAGTC,521
1102,YMR255W,GTGTCAT,389
1103,YMR256C,GTGTCAT,455
1104,YMR258C,TGACTAA,389
1105,YMR261C,AGTCATA,477
1106,YMR261C,CAGTCAT,478
1107,YMR262W,TAGTCAT,363
1108,YMR264W,GAGTCAC,593
1109,YMR268C,AGTCATC,138
1110,YMR269W,TGACTAA,369
1111,YMR269W,GATGACT,102
1112,YMR270C,TGACTCA,530
1113,YMR271C,TGACTCA,229
1114,YMR271C,GAGTCAT,155
1115,YMR271C,AGTCATA,154
1116,YMR272W-B,CAGTCAT,388
1117,YMR275C,ATGACTC,423
1118,YMR275C,TATGACT,424
1119,YMR277W,TTAGTCA,59
1120,YMR277W,AGTCATA,57
1121,YMR277W,TAGTCAT,58
1122,YMR282C,GTGTCAT,409
1123,YMR284W,GTGACTC,34
1124,YMR284W,GACTCAT,291
1125,YMR285C,TGACTAA,413
1126,YMR286W,GTGTCAT,257
1127,YMR287C,TGACTCA,233
1128,YMR287C,ATGACTC,234
1129,YMR287C,GACTCAT,232
1130,YMR287C,GATGACT,235
1131,YMR289W,TGAGTCA,398
1132,YMR290W-A,AGTCATA,28
1133,YMR291W,GATGACT,191
1134,YMR294W-A,ATGACAC,465
1135,YMR299C,GAGTCAT,423
1136,YMR300C,ATGACTG,276
1137,YMR300C,AGTCATA,95
1138,YMR301C,GATGACT,122
1139,YMR301C,CAGTCAT,492
1140,YMR307C-A,AGTCATC,32
1141,YMR309C,ATGACAC,322
1142,YMR310C,ATGACAC,241
1143,YMR313C,ATGACAC,60
1144,YMR314W,ATGACTC,598
1145,YMR314W,GTGTCAT,348
1146,YMR318C,TGACTAA,268
1147,YMR319C,TAGTCAT,582
1148,YMR321C,ATGACTA,567
1149,YMR321C,GATGACT,568
1150,YMR324C,ATGACTC,480
1151,YMR324C,GATGACT,481
1152,YNL335W,AGTCATC,156
1153,YNL332W,ATGAGTC,384
1154,YNL326C,ATGACTC,385
1155,YNL326C,TATGACT,386
1156,YNL326C,ATGACTA,486
1157,YNL326C,GATGACT,487
1158,YNL320W,TTAGTCA,517
1159,YNL320W,TAGTCAT,516
1160,YNL319W,GTGTCAT,539
1161,YNL318C,ATGACTC,522
1162,YNL318C,TATGACT,523
1163,YNL318C,ATGACAC,129
1164,YNL317W,TGACTAA,447
1165,YNL317W,CAGTCAT,296
1166,YNL317W,GTGTCAT,167
1167,YNL316C,ATGACTC,129
1168,YNL316C,GATGACT,558
1169,YNL316C,ATGACAC,201
1170,YNL315C,GATGACT,506
1171,YNL311C,TGAGTCA,147
1172,YNL311C,GAGTCAT,146
1173,YNL310C,CAGTCAT,489
1174,YNL302C,TATGACT,530
1175,YNL302C,ATGACTG,529
1176,YNL300W,GAGTCAC,330
1177,YNL296W,TGACTCA,277
1178,YNL297C,AGTCATA,443
1179,YNL297C,TAGTCAT,444
1180,YNL294C,CAGTCAT,73
1181,YNL293W,ATGACTG,313
1182,YNL292W,TGACTAA,271
1183,YNL287W,GTGTCAT,331
1184,YNL284C,CAGTCAT,456
1185,YNL277W,TTAGTCA,77
1186,YNL277W,TAGTCAT,455
1187,YNL271C,AGTCATC,409
1188,YNL270C,ATGACTA,408
1189,YNL270C,GTGTCAT,338
1190,YNL268W,ATGACAC,557
1191,YNL268W,TAGTCAT,487
1192,YNL266W,TGACTCA,43
1193,YNL266W,GATGACT,268
1194,YNL265C,ATGACAC,337
1195,YNL258C,ATGACTG,350
1196,YNL258C,GATGACT,351
1197,YNL258C,ATGACAC,331
1198,YNL256W,ATGACAC,489
1199,YNL255C,TATGACT,414
1200,YNL255C,GTGTCAT,182
1201,YNL251C,ATGACTC,330
1202,YNL250W,TTAGTCA,209
1203,YNL246W,TGACTAA,595
1204,YNL241C,TGACTAA,293
1205,YNL241C,ATGACTA,294
1206,YNL240C,TGACTAA,85
1207,YNL240C,ATGACTA,86
1208,YNL240C,GATGACT,87
1209,YNL239W,TTAGTCA,513
1210,YNL239W,TAGTCAT,512
1211,YNL239W,AGTCATC,511
1212,YNL235C,GACTCAT,183
1213,YNL235C,GAGTCAC,540
1214,YNL234W,ATGAGTC,77
1215,YNL231C,CAGTCAT,429
1216,YNL229C,TTAGTCA,42
1217,YNL229C,AGTCATA,40
1218,YNL229C,TAGTCAT,41
1219,YNL228W,TGACTAA,408
1220,YNL228W,TATGACT,410
1221,YNL228W,ATGACTA,409
1222,YNL226W,TGAGTCA,11
1223,YNL226W,GAGTCAT,10
1224,YNL226W,AGTCATA,9
1225,YNL227C,AGTCATC,95
1226,YNL223W,ATGACTA,291
1227,YNL222W,GATGACT,563
1228,YNL221C,TGACTCA,501
1229,YNL221C,GTGACTC,502
1230,YNL220W,TGAGTCA,223
1231,YNL220W,GAGTCAC,222
1232,YNL217W,TTAGTCA,333
1233,YNL217W,AGTCATA,346
1234,YNL217W,CAGTCAT,347
1235,YNL216W,TATGACT,413
1236,YNL216W,ATGACTA,412
1237,YNL212W,TGACTAA,462
1238,YNL209W,ATGACTG,441
1239,YNL208W,CAGTCAT,95
1240,YNL207W,GTGTCAT,318
1241,YNL204C,ATGACTC,293
1242,YNL202W,GAGTCAT,14
1243,YNL203C,GTGTCAT,442
1244,YNL200C,ATGACAC,476
1245,YNL192W,GAGTCAC,46
1246,YNL187W,TGACTAA,560
1247,YNL187W,ATGAGTC,206
1248,YNL183C,TGACTAA,195
1249,YNL183C,TTAGTCA,231
1250,YNL177C,GATGACT,453
1251,YNL176C,TGACTAA,427
1252,YNL175C,GAGTCAC,161
1253,YNL173C,ATGACTA,439
1254,YNL173C,AGTCATA,584
1255,YNL172W,TAGTCAT,146
1256,YNL171C,ATGACTC,480
1257,YNL167C,AGTCATA,387
1258,YNL167C,CAGTCAT,388
1259,YNL159C,TGACTCA,461
1260,YNL159C,GACTCAT,460
1261,YNL157W,TGAGTCA,550
1262,YNL157W,ATGAGTC,551
1263,YNL153C,TGACTCA,247
1264,YNL153C,GTGACTC,248
1265,YNL152W,TGAGTCA,14
1266,YNL152W,GAGTCAC,13
1267,YNL151C,CAGTCAT,297
1268,YNL150W,ATGACTG,439
1269,YNL146C-A,GTGACTC,18
1270,YNL146W,GAGTCAC,123
1271,YNL142W,AGTCATA,560
1272,YNL142W,TAGTCAT,561
1273,YNL141W,GATGACT,481
1274,YNL138W,AGTCATA,110
1275,YNL135C,GATGACT,563
1276,YNL134C,TGACTAA,289
1277,YNL133C,GATGACT,234
1278,YNL132W,AGTCATC,401
1279,YNL130C,TGAGTCA,490
1280,YNL130C,ATGAGTC,491
1281,YNL130C-A,GAGTCAT,435
1282,YNL130C-A,AGTCATA,434
1283,YNL130C-A,AGTCATA,94
1284,YNL130C-A,AGTCATC,209
1285,YNL129W,TGACTCA,165
1286,YNL129W,GACTCAT,164
1287,YNL128W,ATGACTC,539
1288,YNL128W,TATGACT,540
1289,YNL128W,ATGACAC,224
1290,YNL125C,TGACTCA,560
1291,YNL125C,GACTCAT,559
1292,YNL124W,TGAGTCA,171
1293,YNL124W,ATGAGTC,172
1294,YNL123W,GAGTCAC,315
1295,YNL121C,GATGACT,310
1296,YNL119W,AGTCATC,199
1297,YNL118C,AGTCATA,486
1298,YNL117W,TATGACT,314
1299,YNL116W,ATGACTC,104
1300,YNL116W,GATGACT,105
1301,YNL114C,AGTCATA,589
1302,YNL108C,GTGTCAT,477
1303,YNL104C,TGACTCA,101
1304,YNL104C,GTGACTC,102
1305,YNL104C,TTAGTCA,422
1306,YNL104C,TAGTCAT,421
1307,YNL104C,AGTCATC,420
1308,YNL104C,GTGTCAT,358
1309,YNL103W,TGACTAA,565
1310,YNL103W,ATGACTA,566
1311,YNL103W,GATGACT,567
1312,YNL103W,TTAGTCA,112
1313,YNL103W,GTGTCAT,274
1314,YNL101W,TATGACT,539
1315,YNL101W,ATGACTA,538
1316,YNL099C,GAGTCAT,75
1317,YNL099C,AGTCATC,74
1318,YNL095C,TGACTAA,84
1319,YNL095C,GATGACT,285
1320,YNL094W,AGTCATC,492
1321,YNL094W,GTGTCAT,161
1322,YNL091W,ATGACTA,540
1323,YNL087W,ATGACTA,349
1324,YNL087W,TTAGTCA,301
1325,YNL086W,ATGACTG,158
1326,YNL077W,ATGACTG,263
1327,YNL076W,TAGTCAT,570
1328,YNL075W,ATGACAC,361
1329,YNL075W,ATGACAC,198
1330,YNL071W,AGTCATC,210
1331,YNL068C,GATGACT,438
1332,YNL067W-A,TGAGTCA,295
1333,YNL067W-A,GAGTCAT,294
1334,YNL067W-A,AGTCATA,293
1335,YNL067W-B,ATGACAC,532
1336,YNL065W,ATGACTC,552
1337,YNL065W,ATGACTC,452
1338,YNL065W,GATGACT,553
1339,YNL057W,TATGACT,323
1340,YNL058C,GACTCAT,43
1341,YNL056W,ATGAGTC,499
1342,YNL055C,ATGACTA,421
1343,YNL055C,GATGACT,422
1344,YNL052W,TATGACT,287
1345,YNL052W,ATGACTA,286
1346,YNL050C,AGTCATC,126
1347,YNL048W,GAGTCAC,571
1348,YNL047C,TAGTCAT,147
1349,YNL046W,ATGACTA,282
1350,YNL045W,CAGTCAT,293
1351,YNL045W,AGTCATC,292
1352,YNL042W-B,TGACTAA,399
1353,YNL042W-B,ATGACAC,388
1354,YNL042W-B,TTAGTCA,501
1355,YNL040W,ATGACTA,361
1356,YNL038W,GATGACT,280
1357,YNL035C,CAGTCAT,86
1358,YNL029C,GTGTCAT,50
1359,YNL024C,GTGTCAT,404
1360,YNL023C,GAGTCAC,370
1361,YNL012W,ATGACAC,457
1362,YNL012W,GTGTCAT,534
1363,YNL008C,TGACTCA,186
1364,YNL008C,CAGTCAT,35
1365,YNL005C,TATGACT,167
1366,YNL005C,ATGACTG,166
1367,YNL005C,GACTCAT,106
1368,YNL005C,GAGTCAT,360
1369,YNL004W,ATGACTC,133
1370,YNL004W,AGTCATA,326
1371,YNL004W,CAGTCAT,327
1372,YNL004W,ATGAGTC,387
1373,YNR003C,AGTCATC,492
1374,YNR004W,GATGACT,160
1375,YNR009W,TGACTCA,297
1376,YNR010W,AGTCATA,397
1377,YNR010W,CAGTCAT,398
1378,YNR011C,ATGACTG,579
1379,YNR013C,TTAGTCA,53
1380,YNR017W,GTGTCAT,491
1381,YNR020C,TAGTCAT,260
1382,YNR024W,AGTCATA,318
1383,YNR035C,TGACTAA,522
1384,YNR036C,TGACTAA,426
1385,YNR036C,ATGACTA,427
1386,YNR038W,TTAGTCA,353
1387,YNR038W,TAGTCAT,352
1388,YNR042W,AGTCATA,349
1389,YNR048W,TTAGTCA,261
1390,YNR048W,TAGTCAT,453
1391,YNR048W,AGTCATC,452
1392,YNR051C,TTAGTCA,208
1393,YNR051C,AGTCATA,37
1394,YNR052C,CAGTCAT,242
1395,YNR052C,ATGAGTC,600
1396,YNR055C,GTGTCAT,585
1397,YNR056C,GAGTCAT,85
1398,YNR058W,TGACTCA,371
1399,YNR058W,GAGTCAC,385
1400,YNR064C,TAGTCAT,229
1401,YNR066C,ATGACTG,254
1402,YNR066C,GATGACT,255
1403,YNR066C,TTAGTCA,79
1404,YNR066C,TAGTCAT,78
1405,YNR069C,TGAGTCA,417
1406,YNR069C,GAGTCAT,416
1407,YNR069C,ATGAGTC,418
1408,YNR069C,AGTCATC,415
1409,YNR072W,GATGACT,415
1410,YNR073C,GACTCAT,173
1411,YNR074C,ATGACTG,260
1412,YOL166C,TGACTCA,340
1413,YOL165C,TTAGTCA,272
1414,YOL164W-A,AGTCATA,551
1415,YOL164W-A,GTGTCAT,421
1416,YOL164W,GATGACT,392
1417,YOL162W,TTAGTCA,225
1418,YOL162W,TAGTCAT,224
1419,YOL162W,AGTCATC,223
1420,YOL161C,ATGACTG,120
1421,YOL161C,GATGACT,121
1422,YOL158C,GATGACT,85
1423,YOL158C,TGAGTCA,224
1424,YOL147C,GTGACTC,75
1425,YOL146W,GAGTCAC,152
1426,YOL142W,ATGACAC,545
1427,YOL141W,TGACTCA,484
1428,YOL140W,TGACTCA,180
1429,YOL140W,TGACTAA,260
1430,YOL140W,GTGACTC,181
1431,YOL139C,GTGACTC,479
1432,YOL136C,ATGAGTC,414
1433,YOL128C,ATGACTG,520
1434,YOL127W,CAGTCAT,355
1435,YOL126C,GACTCAT,423
1436,YOL126C,TAGTCAT,532
1437,YOL125W,ATGACTA,388
1438,YOL125W,ATGAGTC,497
1439,YOL121C,TGAGTCA,407
1440,YOL119C,TTAGTCA,196
1441,YOL119C,GAGTCAC,149
1442,YOL118C,TTAGTCA,578
1443,YOL117W,TGACTAA,63
1444,YOL111C,GACTCAT,524
1445,YOL106W,TATGACT,165
1446,YOL106W,ATGACTG,164
1447,YOL102C,ATGACTG,25
1448,YOL097C,TTAGTCA,58
1449,YOL097C,TAGTCAT,57
1450,YOL095C,AGTCATA,55
1451,YOL095C,TAGTCAT,56
1452,YOL092W,ATGACTC,150
1453,YOL089C,GATGACT,535
1454,YOL089C,TAGTCAT,440
1455,YOL083W,AGTCATA,434
1456,YOL077W-A,TTAGTCA,410
1457,YOL068C,TGACTCA,184
1458,YOL068C,ATGACTC,185
1459,YOL068C,GATGACT,186
1460,YOL068C,ATGACAC,482
1461,YOL066C,CAGTCAT,354
1462,YOL066C,AGTCATC,353
1463,YOL064C,TGACTCA,154
1464,YOL064C,ATGACTC,155
1465,YOL060C,ATGACTG,543
1466,YOL060C,GATGACT,544
1467,YOL059W,CAGTCAT,452
1468,YOL059W,AGTCATC,451
1469,YOL058W,TGACTCA,345
1470,YOL058W,GTGACTC,346
1471,YOL058W,ATGACTG,221
1472,YOL058W,GACTCAT,344
1473,YOL058W,GATGACT,222
1474,YOL058W,GAGTCAT,274
1475,YOL058W,TTAGTCA,390
1476,YOL058W,CAGTCAT,368
1477,YOL050C,ATGACAC,248
1478,YOL049W,GTGTCAT,175
1479,YOL044W,AGTCATC,108
1480,YOL041C,CAGTCAT,482
1481,YOL041C,AGTCATC,481
1482,YOL036W,GAGTCAT,208
1483,YOL036W,AGTCATA,207
1484,YOL037C,TGAGTCA,297
1485,YOL037C,GAGTCAT,296
1486,YOL037C,TAGTCAT,395
1487,YOL037C,ATGAGTC,298
1488,YOL037C,AGTCATC,394
1489,YOL034W,ATGACTG,162
1490,YOL034W,GATGACT,163
1491,YOL033W,GTGTCAT,359
1492,YOL031C,TGACTAA,351
1493,YOL030W,TTAGTCA,313
1494,YOL028C,ATGACTC,384
1495,YOL027C,CAGTCAT,94
1496,YOL024W,ATGACTA,154
1497,YOL024W,GATGACT,242
1498,YOL024W,GTGTCAT,96
1499,YOL023W,CAGTCAT,541
1500,YOL023W,CAGTCAT,164
1501,YOL023W,AGTCATC,540
1502,YOL019W,AGTCATA,197
1503,YOL019W,TAGTCAT,198
1504,YOL018C,AGTCATC,491
1505,YOL012C,GAGTCAC,112
1506,YOL011W,TGACTAA,433
1507,YOL011W,ATGACTA,434
1508,YOL005C,GTGTCAT,225
1509,YOL004W,ATGACAC,544
1510,YOL001W,GACTCAT,14
1511,YOR001W,AGTCATA,234
1512,YOR002W,GTGTCAT,300
1513,YOR005C,ATGACTC,479
1514,YOR005C,TATGACT,480
1515,YOR011W-A,GACTCAT,167
1516,YOR011W-A,TGAGTCA,185
1517,YOR012W,AGTCATA,325
1518,YOR013W,ATGACTA,99
1519,YOR013W,AGTCATA,533
1520,YOR013W,AGTCATA,111
1521,YOR015W,AGTCATC,481
1522,YOR016C,GTGTCAT,533
1523,YOR020C,TTAGTCA,106
1524,YOR022C,TGACTAA,249
1525,YOR024W,GACTCAT,144
1526,YOR025W,GACTCAT,516
1527,YOR029W,GAGTCAC,378
1528,YOR032C,GACTCAT,36
1529,YOR032C,TTAGTCA,96
1530,YOR034C-A,TGAGTCA,503
1531,YOR034C-A,GAGTCAT,502
1532,YOR034C-A,ATGAGTC,504
1533,YOR034C-A,AGTCATC,501
1534,YOR038C,TGAGTCA,472
1535,YOR038C,GAGTCAT,465
1536,YOR038C,ATGAGTC,473
1537,YOR038C,AGTCATC,464
1538,YOR041C,GAGTCAT,588
1539,YOR041C,AGTCATC,587
1540,YOR043W,GAGTCAT,303
1541,YOR043W,TTAGTCA,463
1542,YOR044W,TGACTCA,300
1543,YOR051C,TGACTCA,507
1544,YOR051C,GACTCAT,506
1545,YOR054C,GTGTCAT,267
1546,YOR056C,AGTCATC,384
1547,YOR057W,GATGACT,182
1548,YOR062C,GTGTCAT,403
1549,YOR063W,CAGTCAT,327
1550,YOR066W,ATGACAC,480
1551,YOR071C,TGAGTCA,273
1552,YOR072W-A,TGACTCA,248
1553,YOR073W,TGACTAA,277
1554,YOR076C,TGACTAA,439
1555,YOR078W,AGTCATA,329
1556,YOR080W,TGAGTCA,309
1557,YOR083W,ATGAGTC,423
1558,YOR082C,TGACTAA,469
1559,YOR084W,TTAGTCA,487
1560,YOR087W,TTAGTCA,119
1561,YOR089C,GATGACT,414
1562,YOR090C,TGACTAA,306
1563,YOR091W,TTAGTCA,292
1564,YOR095C,TTAGTCA,546
1565,YOR095C,TAGTCAT,545
1566,YOR098C,TTAGTCA,10
1567,YOR098C,TAGTCAT,9
1568,YOR100C,GAGTCAT,412
1569,YOR100C,CAGTCAT,257
1570,YOR100C,AGTCATC,256
1571,YOR101W,ATGACTC,560
1572,YOR103C,TGACTAA,8
1573,YOR103C,ATGACTA,9
1574,YOR107W,TGACTAA,172
1575,YOR108W,TGACTCA,257
1576,YOR108W,ATGACTC,258
1577,YOR108W,GACTCAT,256
1578,YOR108W,ATGACAC,463
1579,YOR110W,TATGACT,379
1580,YOR110W,GACTCAT,369
1581,YOR113W,GAGTCAT,122
1582,YOR113W,AGTCATC,121
1583,YOR114W,TGACTAA,254
1584,YOR114W,ATGACTA,255
1585,YOR115C,CAGTCAT,248
1586,YOR122C,GATGACT,525
1587,YOR123C,TTAGTCA,251
1588,YOR128C,ATGACTC,197
1589,YOR130C,TGACTCA,231
1590,YOR130C,GTGACTC,232
1591,YOR130C,GAGTCAT,586
1592,YOR130C,AGTCATA,585
1593,YOR131C,TGACTAA,316
1594,YOR131C,AGTCATA,127
1595,YOR132W,TATGACT,216
1596,YOR132W,TTAGTCA,27
1597,YOR136W,ATGACAC,324
1598,YOR136W,AGTCATA,193
1599,YOR136W,TAGTCAT,194
1600,YOR136W,CAGTCAT,504
1601,YOR135C,ATGACTC,300
1602,YOR141C,GATGACT,124
1603,YOR142W,AGTCATC,352
1604,YOR146W,GTGTCAT,23
1605,YOR145C,GATGACT,499
1606,YOR156C,TAGTCAT,114
1607,YOR156C,AGTCATC,113
1608,YOR156C,GTGTCAT,598
1609,YOR161W-B,ATGACTG,162
1610,YOR164C,TGACTAA,234
1611,YOR164C,ATGACTA,235
1612,YOR165W,TGACTAA,406
1613,YOR165W,TTAGTCA,6
1614,YOR167C,TGAGTCA,321
1615,YOR169C,ATGACAC,400
1616,YOR169C,TTAGTCA,436
1617,YOR169C,AGTCATA,434
1618,YOR169C,TAGTCAT,435
1619,YOR177C,TGACTAA,45
1620,YOR177C,ATGACTG,273
1621,YOR179C,TATGACT,46
1622,YOR179C,ATGACTG,45
1623,YOR182C,GAGTCAC,385
1624,YOR182C,TAGTCAT,412
1625,YOR183W,CAGTCAT,255
1626,YOR184W,GTGACTC,185
1627,YOR184W,ATGACTA,158
1628,YOR185C,TGAGTCA,362
1629,YOR185C,GAGTCAC,361
1630,YOR185C,ATGAGTC,363
1631,YOR188W,AGTCATC,93
1632,YOR189W,TTAGTCA,212
1633,YOR191W,ATGACTG,574
1634,YOR192C-C,TAGTCAT,75
1635,YOR192C-C,AGTCATC,74
1636,YOR193W,ATGACTA,525
1637,YOR193W,GATGACT,526
1638,YOR196C,ATGACTC,73
1639,YOR196C,TATGACT,74
1640,YOR197W,GAGTCAT,182
1641,YOR197W,AGTCATA,181
1642,YOR198C,TGACTCA,468
1643,YOR201C,GAGTCAT,121
1644,YOR201C,AGTCATC,120
1645,YOR202W,ATGACTC,123
1646,YOR202W,GATGACT,124
1647,YOR202W,TTAGTCA,254
1648,YOR202W,GAGTCAC,286
1649,YOR202W,AGTCATA,243
1650,YOR204W,GTGTCAT,171
1651,YOR206W,ATGACAC,295
1652,YOR209C,TGACTAA,165
1653,YOR210W,TTAGTCA,435
1654,YOR213C,AGTCATA,303
1655,YOR213C,CAGTCAT,304
1656,YOR213C,AGTCATC,163
1657,YOR215C,ATGAGTC,334
1658,YOR217W,ATGACTC,366
1659,YOR217W,GATGACT,367
1660,YOR219C,GTGTCAT,518
1661,YOR220W,ATGACTA,360
1662,YOR221C,GTGTCAT,210
1663,YOR222W,TGACTCA,159
1664,YOR222W,ATGACTC,160
1665,YOR222W,GATGACT,161
1666,YOR222W,ATGACAC,568
1667,YOR224C,AGTCATA,219
1668,YOR224C,CAGTCAT,220
1669,YOR226C,TATGACT,295
1670,YOR226C,ATGACTG,294
1671,YOR226C,GAGTCAC,216
1672,YOR227W,GTGACTC,531
1673,YOR227W,AGTCATA,452
1674,YOR227W,CAGTCAT,453
1675,YOR228C,TATGACT,360
1676,YOR229W,AGTCATA,278
1677,YOR230W,AGTCATA,445
1678,YOR231W,TTAGTCA,529
1679,YOR233W,AGTCATC,52
1680,YOR234C,TATGACT,246
1681,YOR235W,AGTCATA,225
1682,YOR236W,ATGACTC,178
1683,YOR236W,TATGACT,179
1684,YOR236W,ATGAGTC,560
1685,YOR237W,AGTCATC,37
1686,YOR250C,GAGTCAT,364
1687,YOR255W,GTGTCAT,338
1688,YOR258W,TATGACT,176
1689,YOR258W,ATGACTA,175
1690,YOR259C,ATGACTA,277
1691,YOR262W,GTGACTC,506
1692,YOR262W,ATGACAC,470
1693,YOR266W,TGACTAA,523
1694,YOR266W,TATGACT,434
1695,YOR266W,ATGACAC,403
1696,YOR268C,TTAGTCA,460
1697,YOR268C,TAGTCAT,459
1698,YOR270C,TATGACT,379
1699,YOR270C,ATGACTG,378
1700,YOR273C,TAGTCAT,107
1701,YOR273C,AGTCATC,106
1702,YOR275C,ATGACTG,407
1703,YOR275C,GATGACT,408
1704,YOR279C,GAGTCAT,586
1705,YOR280C,TGACTAA,483
1706,YOR281C,TTAGTCA,331
1707,YOR281C,TAGTCAT,330
1708,YOR284W,TTAGTCA,535
1709,YOR284W,TAGTCAT,534
1710,YOR285W,TGACTAA,21
1711,YOR288C,CAGTCAT,62
1712,YOR288C,GTGTCAT,185
1713,YOR289W,ATGACTG,224
1714,YOR289W,ATGACAC,101
1715,YOR295W,TTAGTCA,310
1716,YOR296W,AGTCATA,424
1717,YOR300W,ATGAGTC,22
1718,YOR301W,ATGAGTC,412
1719,YOR302W,TGACTCA,350
1720,YOR302W,GACTCAT,349
1721,YOR303W,TGACTCA,484
1722,YOR303W,GACTCAT,483
1723,YOR305W,GACTCAT,497
1724,YOR306C,GAGTCAC,530
1725,YOR307C,GTGTCAT,333
1726,YOR307C,GTGTCAT,315
1727,YOR309C,TGACTCA,423
1728,YOR309C,ATGACTG,22
1729,YOR316C,GACTCAT,183
1730,YOR317W,ATGACAC,349
1731,YOR321W,GATGACT,279
1732,YOR322C,GACTCAT,252
1733,YOR323C,TGAGTCA,125
1734,YOR323C,ATGAGTC,126
1735,YOR325W,TTAGTCA,600
1736,YOR329W-A,GTGACTC,308
1737,YOR333C,AGTCATA,104
1738,YOR335W-A,ATGACAC,409
1739,YOR337W,TGACTCA,263
1740,YOR337W,ATGACTC,264
1741,YOR337W,GACTCAT,262
1742,YOR338W,GACTCAT,508
1743,YOR339C,TGACTAA,124
1744,YOR343C,ATGACTG,384
1745,YOR347C,GTGTCAT,169
1746,YOR350C,GTGTCAT,542
1747,YOR351C,TGACTAA,94
1748,YOR355W,TGACTCA,477
1749,YOR355W,TTAGTCA,266
1750,YOR356W,ATGACTG,174
1751,YOR357C,CAGTCAT,455
1752,YOR359W,GATGACT,572
1753,YOR363C,TGACTAA,235
1754,YOR364W,TGAGTCA,427
1755,YOR364W,ATGAGTC,542
1756,YOR370C,TGACTAA,449
1757,YOR374W,ATGACAC,485
1758,YOR375C,ATGACTC,493
1759,YOR376W,GTGACTC,291
1760,YOR376W-A,GACTCAT,236
1761,YOR380W,GTGACTC,503
1762,YOR386W,ATGACTG,180
1763,YOR386W,GATGACT,181
1764,YOR390W,GAGTCAC,251
1765,YOR390W,CAGTCAT,562
1766,YOR392W,GAGTCAT,30
1767,YPL279C,GTGACTC,263
1768,YPL279C,GAGTCAC,251
1769,YPL279C,CAGTCAT,563
1770,YPL278C,GATGACT,331
1771,YPL278C,TGAGTCA,188
1772,YPL278C,ATGAGTC,189
1773,YPL274W,TGACTAA,278
1774,YPL274W,ATGACTA,279
1775,YPL274W,GATGACT,280
1776,YPL274W,CAGTCAT,194
1777,YPL274W,AGTCATC,193
1778,YPL273W,TTAGTCA,158
1779,YPL273W,TAGTCAT,157
1780,YPL272C,ATGACTC,200
1781,YPL272C,TATGACT,201
1782,YPL270W,ATGACTA,105
1783,YPL269W,TGAGTCA,212
1784,YPL269W,GAGTCAT,211
1785,YPL269W,AGTCATC,210
1786,YPL266W,GACTCAT,69
1787,YPL265W,TAGTCAT,397
1788,YPL264C,TGAGTCA,105
1789,YPL264C,GAGTCAT,104
1790,YPL264C,TTAGTCA,117
1791,YPL264C,AGTCATC,103
1792,YPL263C,TAGTCAT,522
1793,YPL262W,GTGACTC,163
1794,YPL262W,ATGACTA,314
1795,YPL262W,CAGTCAT,112
1796,YPL261C,ATGACTA,205
1797,YPL255W,ATGACTA,14
1798,YPL252C,ATGACTC,218
1799,YPL252C,TTAGTCA,232
1800,YPL252C,TAGTCAT,231
1801,YPL250C,GACTCAT,140
1802,YPL250C,ATGACAC,296
1803,YPL249C,ATGACTA,193
1804,YPL248C,ATGACTG,597
1805,YPL248C,GATGACT,598
1806,YPL245W,ATGACTC,430
1807,YPL241C,TGACTAA,443
1808,YPL241C,GTGTCAT,74
1809,YPL237W,AGTCATA,24
1810,YPL237W,CAGTCAT,25
1811,YPL238C,TGACTAA,269
1812,YPL238C,ATGACTA,270
1813,YPL236C,ATGACAC,155
1814,YPL235W,GTGTCAT,381
1815,YPL229W,TGAGTCA,424
1816,YPL229W,ATGAGTC,425
1817,YPL228W,CAGTCAT,278
1818,YPL220W,AGTCATA,595
1819,YPL219W,GATGACT,537
1820,YPL219W,TGAGTCA,239
1821,YPL219W,GAGTCAC,238
1822,YPL217C,AGTCATC,497
1823,YPL216W,GATGACT,159
1824,YPL215W,TTAGTCA,420
1825,YPL215W,TAGTCAT,419
1826,YPL212C,TTAGTCA,104
1827,YPL212C,TAGTCAT,103
1828,YPL212C,AGTCATC,102
1829,YPL211W,TGACTAA,248
1830,YPL211W,ATGACTA,249
1831,YPL211W,GATGACT,250
1832,YPL208W,AGTCATC,558
1833,YPL205C,GACTCAT,167
1834,YPL205C,AGTCATC,595
1835,YPL202C,GACTCAT,75
1836,YPL202C,TTAGTCA,155
1837,YPL199C,TGAGTCA,37
1838,YPL199C,ATGAGTC,38
1839,YPL198W,TGACTCA,366
1840,YPL198W,GACTCAT,365
1841,YPL195W,GTGTCAT,359
1842,YPL193W,TGACTAA,294
1843,YPL193W,ATGACAC,382
1844,YPL191C,TTAGTCA,168
1845,YPL191C,TAGTCAT,167
1846,YPL191C,AGTCATC,166
1847,YPL190C,ATGACAC,424
1848,YPL184C,TGACTCA,316
1849,YPL184C,GAGTCAC,508
1850,YPL183W-A,AGTCATA,288
1851,YPL183W-A,TAGTCAT,289
1852,YPL178W,ATGACAC,504
1853,YPL178W,TAGTCAT,484
1854,YPL178W,AGTCATC,483
1855,YPL177C,TATGACT,228
1856,YPL177C,ATGACTG,227
1857,YPL169C,TGAGTCA,525
1858,YPL167C,TGAGTCA,47
1859,YPL166W,TGACTCA,190
1860,YPL164C,TATGACT,233
1861,YPL161C,TGACTAA,323
1862,YPL161C,ATGACTA,324
1863,YPL161C,TTAGTCA,200
1864,YPL160W,TGACTAA,576
1865,YPL160W,TTAGTCA,453
1866,YPL160W,TAGTCAT,452
1867,YPL146C,AGTCATA,181
1868,YPL146C,CAGTCAT,182
1869,YPL136W,GACTCAT,333
1870,YPL137C,CAGTCAT,382
1871,YPL135W,TGACTCA,177
1872,YPL135W,ATGACTC,178
1873,YPL135W,ATGACTG,530
1874,YPL135C-A,AGTCATA,22
1875,YPL135C-A,CAGTCAT,23
1876,YPL133C,ATGAGTC,557
1877,YPL129W,TATGACT,539
1878,YPL123C,GAGTCAT,474
1879,YPL122C,GATGACT,398
1880,YPL119C-A,ATGACTA,500
1881,YPL119C-A,GATGACT,501
1882,YPL119C-A,AGTCATA,13
1883,YPL119C-A,CAGTCAT,14
1884,YPL113C,TAGTCAT,136
1885,YPL111W,TGACTCA,439
1886,YPL111W,GACTCAT,438
1887,YPL108W,AGTCATC,69
1888,YPL107W,TGACTAA,576
1889,YPL103C,ATGACAC,443
1890,YPL101W,GTGTCAT,366
1891,YPL100W,ATGACTG,583
1892,YPL100W,GATGACT,584
1893,YPL099C,GACTCAT,89
1894,YPL096W,GAGTCAT,289
1895,YPL092W,GACTCAT,303
1896,YPL092W,ATGACAC,534
1897,YPL087W,ATGACAC,396
1898,YPL076W,GTGTCAT,582
1899,YPL074W,ATGACTG,189
1900,YPL066W,CAGTCAT,506
1901,YPL066W,AGTCATC,505
1902,YPL061W,TTAGTCA,223
1903,YPL056C,GACTCAT,280
1904,YPL053C,TAGTCAT,237
1905,YPL053C,AGTCATC,236
1906,YPL052W,ATGACTA,110
1907,YPL052W,GATGACT,111
1908,YPL040C,TTAGTCA,336
1909,YPL038W-A,GTGACTC,119
1910,YPL038W,GTGACTC,472
1911,YPL037C,GACTCAT,15
1912,YPL034W,TGACTAA,590
1913,YPL034W,ATGACTA,591
1914,YPL034W,TGAGTCA,76
1915,YPL034W,ATGAGTC,77
1916,YPL033C,TGACTCA,102
1917,YPL033C,GTGACTC,103
1918,YPL033C,GTGTCAT,312
1919,YPL031C,CAGTCAT,512
1920,YPL028W,TGAGTCA,593
1921,YPL028W,GAGTCAT,592
1922,YPL028W,ATGAGTC,594
1923,YPL026C,ATGACTA,209
1924,YPL022W,AGTCATA,501
1925,YPL022W,CAGTCAT,502
1926,YPL021W,TATGACT,120
1927,YPL017C,TGACTAA,410
1928,YPL017C,TATGACT,412
1929,YPL017C,ATGACTA,411
1930,YPL016W,TTAGTCA,377
1931,YPL016W,AGTCATA,375
1932,YPL016W,TAGTCAT,376
1933,YPL010W,AGTCATA,320
1934,YPL010W,TAGTCAT,321
1935,YPL007C,TGACTAA,43
1936,YPL007C,ATGACTA,44
1937,YPL005W,GTGTCAT,160
1938,YPL004C,GACTCAT,316
1939,YPL003W,ATGAGTC,53
1940,YPL002C,GAGTCAC,404
1941,YPR001W,ATGACTG,92
1942,YPR001W,GATGACT,165
1943,YPR001W,GATGACT,93
1944,YPR002W,TAGTCAT,171
1945,YPR002C-A,ATGACTA,97
1946,YPR002C-A,GATGACT,98
1947,YPR004C,GTGACTC,158
1948,YPR004C,TATGACT,140
1949,YPR005C,TTAGTCA,549
1950,YPR009W,GAGTCAT,321
1951,YPR009W,AGTCATC,320
1952,YPR010C,GACTCAT,111
1953,YPR010C,TAGTCAT,561
1954,YPR010C,AGTCATC,560
1955,YPR017C,TTAGTCA,408
1956,YPR018W,TGACTAA,157
1957,YPR022C,GACTCAT,74
1958,YPR025C,TGACTCA,488
1959,YPR026W,TGAGTCA,339
1960,YPR032W,TGACTAA,35
1961,YPR033C,GATGACT,95
1962,YPR033C,ATGAGTC,61
1963,YPR034W,GACTCAT,451
1964,YPR034W,AGTCATC,417
1965,YPR035W,ATGACTC,269
1966,YPR035W,GATGACT,270
1967,YPR036W,TATGACT,82
1968,YPR036W,ATGACTG,81
1969,YPR036W-A,TTAGTCA,243
1970,YPR036W-A,TAGTCAT,242
1971,YPR036W-A,CAGTCAT,541
1972,YPR036W-A,AGTCATC,241
1973,YPR038W,AGTCATA,296
1974,YPR038W,CAGTCAT,297
1975,YPR039W,AGTCATA,472
1976,YPR039W,CAGTCAT,473
1977,YPR048W,ATGACTA,100
1978,YPR048W,GATGACT,101
1979,YPR053C,TATGACT,432
1980,YPR055W,GAGTCAT,454
1981,YPR057W,GTGTCAT,178
1982,YPR058W,TGACTCA,196
1983,YPR058W,GACTCAT,195
1984,YPR058W,GAGTCAC,478
1985,YPR060C,AGTCATA,503
1986,YPR060C,CAGTCAT,504
1987,YPR063C,TGACTAA,475
1988,YPR063C,ATGACTA,476
1989,YPR064W,TTAGTCA,162
1990,YPR064W,TAGTCAT,161
1991,YPR071W,TATGACT,471
1992,YPR071W,ATGACTG,470
1993,YPR072W,TTAGTCA,595
1994,YPR072W,AGTCATA,334
1995,YPR074W-A,TGAGTCA,187
1996,YPR074W-A,GAGTCAT,186
1997,YPR082C,ATGACTC,124
1998,YPR082C,GATGACT,125
1999,YPR083W,GAGTCAT,80
2000,YPR083W,AGTCATC,79
2001,YPR085C,TAGTCAT,282
2002,YPR085C,AGTCATC,281
2003,YPR089W,AGTCATC,319
2004,YPR092W,GTGTCAT,599
2005,YPR091C,ATGACTC,243
2006,YPR091C,ATGACTA,273
2007,YPR091C,GATGACT,274
2008,YPR098C,TTAGTCA,232
2009,YPR098C,TAGTCAT,231
2010,YPR100W,TGACTAA,275
2011,YPR100W,TGACTAA,37
2012,YPR100W,ATGACTA,38
2013,YPR100W,TTAGTCA,375
2014,YPR108W-A,GTGTCAT,586
2015,YPR110C,TGACTCA,523
2016,YPR110C,ATGACTC,524
2017,YPR110C,ATGACTA,472
2018,YPR110C,GACTCAT,522
2019,YPR110C,TTAGTCA,257
2020,YPR111W,TGACTAA,220
2021,YPR120C,TAGTCAT,552
2022,YPR123C,GTGTCAT,255
2023,YPR126C,GTGTCAT,370
2024,YPR127W,ATGACAC,334
2025,YPR128C,GTGTCAT,190
2026,YPR129W,ATGACAC,299
2027,YPR130C,ATGACTG,573
2028,YPR131C,CAGTCAT,327
2029,YPR132W,ATGACTG,146
2030,YPR133C,GTGTCAT,539
2031,YPR134W,ATGACAC,308
2032,YPR142C,TGACTCA,37
2033,YPR144C,ATGACTA,522
2034,YPR144C,GATGACT,523
2035,YPR145W,TGACTCA,227
2036,YPR145W,TATGACT,302
2037,YPR145W,ATGACTG,301
2038,YPR145W,GACTCAT,226
2039,YPR145C-A,TTAGTCA,182
2040,YPR145C-A,TAGTCAT,181
2041,YPR145C-A,GTGTCAT,329
2042,YPR146C,TGACTCA,267
2043,YPR146C,GACTCAT,266
2044,YPR153W,GAGTCAT,463
2045,YPR153W,AGTCATC,462
2046,YPR155C,GATGACT,181
2047,YPR157W,ATGACTC,306
2048,YPR158W,TGACTAA,6
2049,YPR163C,AGTCATA,456
2050,YPR164W,TATGACT,298
2051,YPR166C,TGACTAA,184
2052,YPR167C,TGACTCA,148
2053,YPR167C,ATGACTC,149
2054,YPR168W,TGAGTCA,302
2055,YPR168W,GAGTCAT,301
2056,YPR173C,GTGTCAT,521
2057,YPR174C,ATGACTC,568
2058,YPR174C,AGTCATC,214
2059,YPR175W,GATGACT,58
2060,YPR176C,TAGTCAT,228
2061,YPR178W,ATGACTA,32
2062,YPR177C,AGTCATA,511
2063,YPR185W,TGAGTCA,6
2064,YPR185W,ATGAGTC,7
2065,YPR187W,GTGACTC,516
2066,YPR189W,GTGTCAT,378
2067,YPR190C,TGACTAA,544
2068,YPR195C,TGAGTCA,181
2069,YPR196W,ATGACTG,168
2070,YPR196W,GATGACT,169
2071,YPR196W,ATGACAC,260
2072,YPR197C,AGTCATA,188
2073,YPR197C,TAGTCAT,189
2074,YBL107W-A,TTAGTCA,439
2075,YBL107W-A,TAGTCAT,78
2076,YBL107W-A,AGTCATC,77
2077,YBL107C,ATGACTA,384
2078,YBL103C,GTGACTC,342
2079,YBL102W,GAGTCAC,226
2080,YBL101C,GTGACTC,55
2081,YBL101C,GACTCAT,134
2082,YBL100W-C,GAGTCAC,79
2083,YBL094C,CAGTCAT,195
2084,YBL092W,CAGTCAT,80
2085,YBL091C-A,ATGACTA,193
2086,YBL091C-A,GATGACT,194
2087,YBL089W,TATGACT,109
2088,YBL088C,TGACTCA,425
2089,YBL088C,GACTCAT,424
2090,YBL088C,GTGTCAT,555
2091,YBL086C,GAGTCAC,463
2092,YBL082C,ATGACTC,202
2093,YBL081W,GAGTCAT,543
2094,YBL078C,ATGACAC,349
2095,YBL078C,GAGTCAT,230
2096,YBL077W,ATGAGTC,578
2097,YBL076C,ATGACTC,103
2098,YBL076C,GATGACT,104
2099,YBL069W,TATGACT,466
2100,YBL068W-A,TGAGTCA,125
2101,YBL068W-A,GAGTCAT,124
2102,YBL068W,TATGACT,473
2103,YBL068W,ATGACTG,472
2104,YBL068W,ATGAGTC,225
2105,YBL065W,TGAGTCA,567
2106,YBL065W,GAGTCAT,566
2107,YBL061C,TATGACT,260
2108,YBL061C,GTGTCAT,563
2109,YBL060W,AGTCATA,272
2110,YBL059C-A,GTGTCAT,514
2111,YBL059C-A,GTGTCAT,268
2112,YBL058W,ATGACAC,390
2113,YBL056W,GTGTCAT,510
2114,YBL054W,TGAGTCA,92
2115,YBL054W,GAGTCAT,91
2116,YBL049W,GATGACT,584
2117,YBL045C,TGAGTCA,586
2118,YBL045C,ATGAGTC,587
2119,YBL043W,TGACTCA,592
2120,YBL043W,GACTCAT,591
2121,YBL039C-A,TGACTAA,453
2122,YBL039C-A,ATGACAC,297
2123,YBL038W,ATGACAC,490
2124,YBL036C,TGACTAA,29
2125,YBL033C,TGAGTCA,49
2126,YBL033C,GAGTCAT,48
2127,YBL032W,TGACTCA,448
2128,YBL032W,ATGACTC,449
2129,YBL029C-A,ATGACTC,432
2130,YBL029C-A,TTAGTCA,306
2131,YBL025W,ATGACTG,460
2132,YBL020W,ATGAGTC,458
2133,YBL018C,AGTCATC,96
2134,YBL017C,TAGTCAT,15
2135,YBL017C,AGTCATC,14
2136,YBL010C,CAGTCAT,281
2137,YBL010C,AGTCATC,280
2138,YBL009W,CAGTCAT,468
2139,YBL006W-A,ATGACTC,490
2140,YBL006W-A,AGTCATA,350
2141,YBL006W-A,CAGTCAT,351
2142,YBL005W,GATGACT,405
2143,YBL003C,ATGACTA,219
2144,YBL002W,TAGTCAT,487
2145,YBR003W,AGTCATC,543
2146,YBR007C,AGTCATA,522
2147,YBR008C,TGACTAA,167
2148,YBR008C,TTAGTCA,148
2149,YBR011C,GATGACT,163
2150,YBR011C,CAGTCAT,188
2151,YBR015C,GTGACTC,275
2152,YBR016W,GAGTCAC,475
2153,YBR021W,TATGACT,579
2154,YBR021W,ATGACTA,578
2155,YBR028C,TGACTAA,96
2156,YBR028C,TATGACT,210
2157,YBR028C,ATGACTA,209
2158,YBR029C,CAGTCAT,211
2159,YBR030W,ATGACTG,345
2160,YBR033W,GAGTCAC,118
2161,YBR035C,TGACTAA,77
2162,YBR035C,ATGACTA,78
2163,YBR037C,TGAGTCA,383
2164,YBR037C,GAGTCAC,382
2165,YBR038W,TGACTCA,69
2166,YBR038W,GTGACTC,70
2167,YBR043C,TGAGTCA,362
2168,YBR043C,GAGTCAT,361
2169,YBR043C,ATGAGTC,363
2170,YBR049C,AGTCATC,517
2171,YBR052C,ATGACAC,260
2172,YBR053C,TGACTAA,296
2173,YBR058C,ATGACAC,549
2174,YBR058C-A,ATGACAC,81
2175,YBR060C,ATGACTA,575
2176,YBR060C,GATGACT,576
2177,YBR062C,ATGAGTC,229
2178,YBR066C,AGTCATA,64
2179,YBR068C,ATGACTC,213
2180,YBR073W,TGACTAA,255
2181,YBR074W,GACTCAT,216
2182,YBR082C,TATGACT,470
2183,YBR082C,TTAGTCA,551
2184,YBR082C,GTGTCAT,516
2185,YBR084W,TTAGTCA,326
2186,YBR093C,AGTCATC,489
2187,YBR096W,TAGTCAT,329
2188,YBR096W,AGTCATC,328
2189,YBR099C,CAGTCAT,218
2190,YBR099C,AGTCATC,217
2191,YBR101C,AGTCATC,469
2192,YBR102C,ATGACTG,132
2193,YBR102C,GATGACT,133
2194,YBR103W,CAGTCAT,260
2195,YBR103W,AGTCATC,259
2196,YBR103C-A,TGACTAA,204
2197,YBR103C-A,ATGACTA,205
2198,YBR104W,GAGTCAT,210
2199,YBR104W,TTAGTCA,6
2200,YBR104W,AGTCATC,209
2201,YBR105C,ATGACAC,31
2202,YBR105C,TGAGTCA,6
2203,YBR109C,TATGACT,163
2204,YBR109W-A,GAGTCAT,490
2205,YBR109W-A,AGTCATA,89
2206,YBR110W,AGTCATA,353
2207,YBR111C,TAGTCAT,272
2208,YBR115C,TGACTCA,194
2209,YBR115C,GTGACTC,195
2210,YBR116C,ATGACTC,306
2211,YBR116C,CAGTCAT,327
2212,YBR120C,TGACTAA,447
2213,YBR124W,GTGACTC,261
2214,YBR124W,GACTCAT,156
2215,YBR124W,GAGTCAT,423
2216,YBR126W-A,AGTCATA,463
2217,YBR126W-A,TAGTCAT,464
2218,YBR126W-B,AGTCATA,540
2219,YBR126W-B,TAGTCAT,541
2220,YBR127C,AGTCATA,212
2221,YBR127C,CAGTCAT,213
2222,YBR128C,TGACTAA,494
2223,YBR130C,GTGTCAT,352
2224,YBR131W,ATGACTC,430
2225,YBR131C-A,TATGACT,231
2226,YBR134W,ATGACTA,48
2227,YBR141C,TGACTAA,251
2228,YBR141C,AGTCATC,396
2229,YBR142W,TTAGTCA,34
2230,YBR143C,TAGTCAT,583
2231,YBR143C,AGTCATC,582
2232,YBR145W,ATGACTG,377
2233,YBR145W,TGAGTCA,227
2234,YBR145W,ATGAGTC,228
2235,YBR147W,TGACTCA,222
2236,YBR147W,ATGACTC,223
2237,YBR147W,GAGTCAT,139
2238,YBR147W,AGTCATA,138
2239,YBR148W,TAGTCAT,135
2240,YBR148W,AGTCATC,134
2241,YBR151W,ATGACTA,567
2242,YBR156C,ATGACTG,346
2243,YBR166C,GTGTCAT,152
2244,YBR169C,TTAGTCA,377
2245,YBR169C,TAGTCAT,376
2246,YBR178W,ATGACTA,445
2247,YBR185C,GAGTCAT,229
2248,YBR186W,ATGACTC,371
2249,YBR189W,GTGTCAT,546
2250,YBR190W,ATGACAC,308
2251,YBR191W,GTGTCAT,102
2252,YBR193C,GATGACT,230
2253,YBR194W,AGTCATC,61
2254,YBR195C,AGTCATC,447
2255,YBR197C,CAGTCAT,124
2256,YBR197C,AGTCATC,123
2257,YBR206W,GTGTCAT,119
2258,YBR209W,GATGACT,452
2259,YBR210W,CAGTCAT,510
2260,YBR211C,TGACTAA,302
2261,YBR212W,TTAGTCA,458
2262,YBR213W,ATGACTC,577
2263,YBR213W,ATGACTA,151
2264,YBR213W,GATGACT,578
2265,YBR213W,GATGACT,152
2266,YBR215W,TGACTAA,295
2267,YBR215W,ATGACTA,296
2268,YBR218C,TGACTAA,371
2269,YBR218C,TATGACT,373
2270,YBR218C,ATGACTA,372
2271,YBR222C,AGTCATA,375
2272,YBR222C,CAGTCAT,376
2273,YBR224W,TTAGTCA,12
2274,YBR225W,TTAGTCA,514
2275,YBR227C,AGTCATC,96
2276,YBR228W,GATGACT,89
2277,YBR230W-A,TTAGTCA,384
2278,YBR231C,TGACTAA,563
2279,YBR232C,TGACTAA,339
2280,YBR240C,TGACTCA,250
2281,YBR240C,ATGACTA,549
2282,YBR240C,ATGAGTC,503
2283,YBR241C,AGTCATA,184
2284,YBR241C,TAGTCAT,185
2285,YBR242W,TATGACT,437
2286,YBR242W,ATGACTA,436
2287,YBR246W,AGTCATA,237
2288,YBR246W,CAGTCAT,238
2289,YBR247C,TGACTCA,322
2290,YBR248C,TGAGTCA,231
2291,YBR248C,GAGTCAT,230
2292,YBR248C,AGTCATA,229
2293,YBR248C,GTGTCAT,595
2294,YBR249C,TGACTCA,312
2295,YBR249C,ATGACTC,313
2296,YBR250W,TGACTAA,6
2297,YBR254C,TGAGTCA,200
2298,YBR254C,GAGTCAT,199
2299,YBR254C,ATGAGTC,201
2300,YBR256C,TTAGTCA,94
2301,YBR256C,AGTCATA,92
2302,YBR256C,TAGTCAT,93
2303,YBR258C,ATGACTA,226
2304,YBR261C,ATGAGTC,596
2305,YBR262C,ATGAGTC,86
2306,YBR263W,GACTCAT,144
2307,YBR267W,GTGACTC,264
2308,YBR266C,CAGTCAT,285
2309,YBR266C,AGTCATC,284
2310,YBR268W,TAGTCAT,177
2311,YBR272C,TATGACT,233
2312,YBR272C,ATGACTA,232
2313,YBR273C,GACTCAT,229
2314,YBR275C,GACTCAT,167
2315,YBR285W,ATGACTA,435
2316,YBR285W,GACTCAT,306
2317,YBR285W,GTGTCAT,501
2318,YBR290W,TGACTAA,256
2319,YBR290W,ATGACAC,508
2320,YBR294W,TGAGTCA,377
2321,YBR294W,GAGTCAC,376
2322,YBR296C,GAGTCAT,400
2323,YBR296C-A,TGACTAA,293
2324,YBR296C-A,AGTCATA,286
2325,YBR297W,TTAGTCA,500
2326,YBR297W,TAGTCAT,499
2327,YBR298C-A,GAGTCAT,285
2328,YBR298C-A,AGTCATA,284
2329,YBR298C-A,TAGTCAT,101
2330,YBR298C-A,ATGAGTC,385
2331,YCL069W,GTGTCAT,552
2332,YCL064C,ATGACTC,542
2333,YCL064C,ATGAGTC,252
2334,YCL064C,GTGTCAT,176
2335,YCL063W,GACTCAT,164
2336,YCL063W,ATGACAC,240
2337,YCL058W-A,AGTCATA,333
2338,YCL051W,GTGTCAT,548
2339,YCL047C,ATGAGTC,308
2340,YCL046W,TTAGTCA,387
2341,YCL045C,GATGACT,347
2342,YCL045C,ATGACAC,408
2343,YCL045C,GTGTCAT,423
2344,YCL030C,TGACTCA,199
2345,YCL030C,GTGACTC,244
2346,YCL030C,GTGACTC,200
2347,YCL030C,TATGACT,150
2348,YCL030C,ATGACTA,149
2349,YCL030C,CAGTCAT,181
2350,YCL029C,GTGTCAT,535
2351,YCL026C-A,ATGACTG,360
2352,YCL026C-A,ATGACAC,155
2353,YCL026C-A,GTGTCAT,170
2354,YCL025C,GACTCAT,177
2355,YCL025C,GAGTCAT,437
2356,YCL025C,AGTCATA,436
2357,YCL024W,AGTCATC,469
2358,YCL018W,TGACTAA,160
2359,YCL018W,ATGACTA,161
2360,YCL018W,ATGACTG,290
2361,YCL018W,GATGACT,291
2362,YCL017C,ATGACTA,129
2363,YCL017C,GATGACT,130
2364,YCL011C,GTGACTC,272
2365,YCL009C,TGACTCA,150
2366,YCL009C,GTGACTC,151
2367,YCL008C,ATGACAC,191
2368,YCL004W,TATGACT,581
2369,YCL004W,ATGACTA,580
2370,YCL001W,TTAGTCA,327
2371,YCL001W-B,ATGACAC,267
2372,YCR005C,TAGTCAT,178
2373,YCR007C,ATGAGTC,350
2374,YCR007C,AGTCATC,432
2375,YCR017C,TATGACT,408
2376,YCR017C,ATGACTA,407
2377,YCR018C,CAGTCAT,302
2378,YCR023C,ATGACTA,585
2379,YCR023C,GATGACT,586
2380,YCR023C,ATGACAC,190
2381,YCR024C,ATGACTC,348
2382,YCR024C,GATGACT,349
2383,YCR036W,TATGACT,542
2384,YCR036W,ATGACTA,541
2385,YCR037C,GATGACT,414
2386,YCR043C,GTGTCAT,423
2387,YCR052W,GTGTCAT,502
2388,YCR053W,TGACTCA,415
2389,YCR053W,GAGTCAT,179
2390,YCR053W,TAGTCAT,126
2391,YCR054C,TAGTCAT,511
2392,YCR059C,AGTCATA,97
2393,YCR059C,CAGTCAT,98
2394,YCR060W,TATGACT,78
2395,YCR060W,ATGACTG,77
2396,YCR060W,GTGTCAT,301
2397,YCR063W,GACTCAT,66
2398,YCR064C,TTAGTCA,533
2399,YCR065W,TGACTAA,278
2400,YCR066W,ATGAGTC,411
2401,YCR071C,TTAGTCA,600
2402,YCR071C,GTGTCAT,432
2403,YCR072C,ATGACTG,397
2404,YCR073C,AGTCATA,385
2405,YCR073C,TAGTCAT,386
2406,YCR075W-A,GACTCAT,365
2407,YCR085W,AGTCATA,469
2408,YCR085W,CAGTCAT,470
2409,YCR087W,AGTCATA,369
2410,YCR087W,AGTCATA,192
2411,YCR089W,ATGACTC,433
2412,YCR089W,TATGACT,434
2413,YCR096C,TTAGTCA,481
2414,YCR097W-A,TGACTAA,426
2415,YCR100C,GAGTCAT,485
2416,YCR100C,AGTCATA,44
2417,YCR101C,TTAGTCA,79
2418,YCR101C,TAGTCAT,78
2419,YCR102C,TGACTAA,341
2420,YCR102C,CAGTCAT,425
2421,YCR105W,TTAGTCA,405
2422,YCR107W,GATGACT,65
2423,YDL247W-A,AGTCATA,485
2424,YDL247W-A,TAGTCAT,486
2425,YDL247W,GAGTCAT,266
2426,YDL247W,AGTCATC,265
2427,YDL241W,GTGACTC,572
2428,YDL238C,GAGTCAT,159
2429,YDL238C,AGTCATA,158
2430,YDL238C,TAGTCAT,570
2431,YDL237W,ATGACTC,50
2432,YDL237W,TATGACT,51
2433,YDL234C,TGAGTCA,555
2434,YDL234C,GAGTCAT,21
2435,YDL234C,GAGTCAC,554
2436,YDL233W,ATGACTC,305
2437,YDL224C,GTGTCAT,156
2438,YDL219W,TGAGTCA,544
2439,YDL218W,GATGACT,212
2440,YDL218W,AGTCATA,345
2441,YDL218W,CAGTCAT,346
2442,YDL215C,TTAGTCA,144
2443,YDL205C,CAGTCAT,464
2444,YDL205C,AGTCATC,463
2445,YDL204W,ATGACTG,402
2446,YDL204W,GATGACT,403
2447,YDL201W,GATGACT,125
2448,YDL201W,TTAGTCA,498
2449,YDL200C,TAGTCAT,148
2450,YDL199C,TGACTAA,196
2451,YDL198C,TGAGTCA,156
2452,YDL198C,GAGTCAC,155
2453,YDL196W,GATGACT,395
2454,YDL194W,GAGTCAC,110
2455,YDL194W,AGTCATA,227
2456,YDL194W,CAGTCAT,228
2457,YDL192W,AGTCATA,591
2458,YDL190C,ATGACAC,385
2459,YDL189W,GTGTCAT,245
2460,YDL184C,AGTCATC,432
2461,YDL180W,TGACTAA,293
2462,YDL175C,TATGACT,77
2463,YDL175C,ATGACTA,76
2464,YDL171C,TGACTCA,572
2465,YDL171C,ATGACTC,573
2466,YDL171C,GATGACT,574
2467,YDL171C,TTAGTCA,366
2468,YDL171C,AGTCATA,454
2469,YDL171C,TAGTCAT,365
2470,YDL170W,TGACTAA,318
2471,YDL170W,TATGACT,230
2472,YDL170W,ATGACTA,319
2473,YDL170W,TGAGTCA,112
2474,YDL170W,GAGTCAT,111
2475,YDL170W,AGTCATC,110
2476,YDL167C,ATGACTC,539
2477,YDL167C,GAGTCAC,356
2478,YDL160C-A,CAGTCAT,492
2479,YDL160C,AGTCATA,138
2480,YDL160C,TAGTCAT,139
2481,YDL159W-A,TATGACT,120
2482,YDL159W-A,ATGACTA,119
2483,YDL159W,TATGACT,419
2484,YDL159W,ATGACTA,418
2485,YDL158C,CAGTCAT,483
2486,YDL157C,CAGTCAT,69
2487,YDL156W,ATGACTG,267
2488,YDL155W,ATGACTC,318
2489,YDL155W,GATGACT,319
2490,YDL152W,TGACTCA,19
2491,YDL152W,GACTCAT,18
2492,YDL150W,TGACTCA,540
2493,YDL150W,GACTCAT,539
2494,YDL149W,AGTCATA,274
2495,YDL149W,CAGTCAT,275
2496,YDL146W,TGACTCA,6
2497,YDL146W,GAGTCAT,188
2498,YDL142C,TTAGTCA,7
2499,YDL142C,CAGTCAT,184
2500,YDL141W,TGACTAA,468
2501,YDL141W,ATGACTG,291
2502,YDL140C,TGACTAA,198
2503,YDL136W,TTAGTCA,505
2504,YDL136W,TAGTCAT,504
2505,YDL133C-A,TGACTAA,510
2506,YDL133C-A,AGTCATA,22
2507,YDL133C-A,TAGTCAT,23
2508,YDL133W,TTAGTCA,122
2509,YDL131W,TTAGTCA,237
2510,YDL130W-A,CAGTCAT,28
2511,YDL130W-A,AGTCATC,27
2512,YDL126C,TGACTCA,56
2513,YDL123W,ATGACTC,501
2514,YDL123W,GATGACT,502
2515,YDL123W,GAGTCAT,200
2516,YDL123W,AGTCATA,199
2517,YDL121C,TAGTCAT,579
2518,YDL121C,AGTCATC,578
2519,YDL118W,GACTCAT,129
2520,YDL114W-A,TAGTCAT,231
2521,YDL115C,ATGACTG,548
2522,YDL115C,GATGACT,549
2523,YDL113C,ATGACTA,69
2524,YDL113C,GATGACT,70
2525,YDL113C,AGTCATC,90
2526,YDL112W,GATGACT,276
2527,YDL112W,TAGTCAT,297
2528,YDL112W,AGTCATC,296
2529,YDL109C,GATGACT,464
2530,YDL108W,AGTCATC,39
2531,YDL102W,AGTCATA,296
2532,YDL102W,CAGTCAT,297
2533,YDL099W,TGACTCA,379
2534,YDL096C,TTAGTCA,516
2535,YDL086W,TATGACT,556
2536,YDL085C-A,TGACTAA,230
2537,YDL085C-A,ATGACTA,231
2538,YDL085W,TTAGTCA,317
2539,YDL085W,TAGTCAT,316
2540,YDL084W,GACTCAT,535
2541,YDL080C,TATGACT,289
2542,YDL080C,ATGACTG,288
2543,YDL079C,TGACTCA,560
2544,YDL079C,GACTCAT,559
2545,YDL078C,TATGACT,279
2546,YDL078C,ATGACTA,278
2547,YDL072C,TGAGTCA,330
2548,YDL072C,GAGTCAT,329
2549,YDL070W,TGACTCA,253
2550,YDL070W,ATGACTC,254
2551,YDL069C,ATGACTA,586
2552,YDL069C,GAGTCAT,549
2553,YDL069C,AGTCATC,548
2554,YDL069C,GTGTCAT,510
2555,YDL067C,TGAGTCA,337
2556,YDL067C,ATGAGTC,372
2557,YDL066W,TGACTCA,108
2558,YDL066W,ATGACTC,482
2559,YDL066W,GACTCAT,73
2560,YDL066W,GATGACT,483
2561,YDL066W,ATGACAC,521
2562,YDL066W,TAGTCAT,445
2563,YDL057W,GATGACT,546
2564,YDL053C,GACTCAT,311
2565,YDL049C,GACTCAT,440
2566,YDL046W,ATGACTA,595
2567,YDL046W,GATGACT,596
2568,YDL045W-A,AGTCATC,508
2569,YDL045C,GTGTCAT,600
2570,YDL040C,TTAGTCA,550
2571,YDL040C,TAGTCAT,549
2572,YDL039C,GTGACTC,590
2573,YDL035C,GAGTCAC,73
2574,YDL025C,TGACTAA,427
2575,YDL025C,GTGACTC,239
2576,YDL025C,ATGACTA,428
2577,YDL024C,GATGACT,143
2578,YDL023C,ATGACAC,438
2579,YDL018C,TGACTAA,18
2580,YDL016C,GATGACT,462
2581,YDL012C,ATGACTA,499
2582,YDL012C,GATGACT,500
2583,YDL010W,TAGTCAT,320
2584,YDL010W,AGTCATC,319
2585,YDL007C-A,GACTCAT,538
2586,YDL006W,GAGTCAT,598
2587,YDL002C,TGACTAA,406
2588,YDL002C,ATGACTA,407
2589,YDL001W,TTAGTCA,6
2590,YDR002W,TGACTCA,577
2591,YDR002W,GACTCAT,576
2592,YDR005C,GTGTCAT,101
2593,YDR010C,TTAGTCA,8
2594,YDR010C,AGTCATA,6
2595,YDR010C,TAGTCAT,7
2596,YDR011W,TGACTAA,534
2597,YDR011W,TATGACT,536
2598,YDR011W,ATGACTA,535
2599,YDR012W,TAGTCAT,31
2600,YDR013W,ATGACTA,223
2601,YDR016C,TATGACT,181
2602,YDR016C,ATGACTA,180
2603,YDR020C,AGTCATC,459
2604,YDR026C,GAGTCAT,560
2605,YDR026C,GAGTCAT,465
2606,YDR032C,GACTCAT,441
2607,YDR034C,TGACTCA,250
2608,YDR034C,GTGACTC,251
2609,YDR035W,TTAGTCA,187
2610,YDR036C,GAGTCAT,598
2611,YDR037W,ATGACTC,135
2612,YDR041W,GATGACT,480
2613,YDR041W,TTAGTCA,207
2614,YDR041W,TAGTCAT,327
2615,YDR041W,TAGTCAT,206
2616,YDR042C,ATGACAC,225
2617,YDR043C,GTGTCAT,321
2618,YDR046C,TTAGTCA,233
2619,YDR046C,AGTCATA,231
2620,YDR046C,TAGTCAT,232
2621,YDR061W,GTGACTC,154
2622,YDR064W,TGACTCA,391
2623,YDR064W,ATGACTC,392
2624,YDR064W,GATGACT,393
2625,YDR067C,TATGACT,579
2626,YDR067C,ATGACTG,578
2627,YDR068W,GAGTCAC,263
2628,YDR068W,GTGTCAT,254
2629,YDR069C,TTAGTCA,295
2630,YDR069C,AGTCATA,293
2631,YDR069C,TAGTCAT,294
2632,YDR075W,TATGACT,549
2633,YDR075W,ATGACTA,548
2634,YDR076W,TGACTAA,101
2635,YDR076W,ATGACTA,102
2636,YDR079C-A,TGACTAA,519
2637,YDR079C-A,TAGTCAT,203
2638,YDR080W,GTGTCAT,309
2639,YDR089W,AGTCATA,550
2640,YDR090C,ATGACTA,177
2641,YDR091C,ATGACTA,302
2642,YDR091C,GTGTCAT,452
2643,YDR099W,ATGACAC,342
2644,YDR101C,ATGACTC,513
2645,YDR103W,GAGTCAT,376
2646,YDR106W,TTAGTCA,322
2647,YDR107C,TATGACT,103
2648,YDR107C,GAGTCAC,518
2649,YDR108W,TATGACT,519
2650,YDR108W,ATGACTG,518
2651,YDR108W,AGTCATA,138
2652,YDR109C,TGACTAA,124
2653,YDR109C,GAGTCAT,481
2654,YDR109C,AGTCATC,480
2655,YDR110W,TTAGTCA,317
2656,YDR116C,AGTCATC,14
2657,YDR117C,ATGAGTC,57
2658,YDR118W,GACTCAT,188
2659,YDR119W-A,ATGACAC,155
2660,YDR119W-A,CAGTCAT,135
2661,YDR120C,AGTCATA,37
2662,YDR120C,CAGTCAT,38
2663,YDR121W,TATGACT,293
2664,YDR121W,ATGACTG,292
2665,YDR125C,ATGACAC,388
2666,YDR126W,GTGTCAT,94
2667,YDR127W,TGACTCA,223
2668,YDR127W,ATGACTC,224
2669,YDR127W,TATGACT,225
2670,YDR127W,ATGACTA,530
2671,YDR127W,GACTCAT,222
2672,YDR132C,ATGAGTC,403
2673,YDR133C,TTAGTCA,344
2674,YDR133C,TAGTCAT,343
2675,YDR133C,AGTCATC,342
2676,YDR138W,TAGTCAT,188
2677,YDR138W,AGTCATC,187
2678,YDR142C,CAGTCAT,394
2679,YDR142C,AGTCATC,393
2680,YDR158W,TGACTCA,184
2681,YDR158W,GACTCAT,183
2682,YDR162C,TTAGTCA,216
2683,YDR163W,TGACTAA,113
2684,YDR166C,GAGTCAT,343
2685,YDR166C,AGTCATC,342
2686,YDR167W,GACTCAT,451
2687,YDR169C,CAGTCAT,588
2688,YDR172W,TGACTCA,431
2689,YDR172W,GTGTCAT,379
2690,YDR173C,TAGTCAT,484
2691,YDR175C,ATGACTG,197
2692,YDR176W,CAGTCAT,109
2693,YDR179C,TATGACT,393
2694,YDR179C,ATGACTA,392
2695,YDR181C,TATGACT,491
2696,YDR182W,TGACTAA,377
2697,YDR182W,ATGACTA,304
2698,YDR182W,GTGTCAT,545
2699,YDR183C-A,GATGACT,43
2700,YDR184C,GTGACTC,597
2701,YDR184C,GTGTCAT,253
2702,YDR185C,TTAGTCA,34
2703,YDR185C,AGTCATA,32
2704,YDR185C,TAGTCAT,33
2705,YDR189W,TAGTCAT,47
2706,YDR196C,GAGTCAT,389
2707,YDR197W,TGACTAA,467
2708,YDR197W,TATGACT,469
2709,YDR197W,ATGACTA,468
2710,YDR203W,TTAGTCA,405
2711,YDR205W,TTAGTCA,152
2712,YDR209C,ATGACTA,475
2713,YDR209C,GATGACT,476
2714,YDR214W,GAGTCAC,513
2715,YDR215C,ATGACAC,312
2716,YDR216W,GTGTCAT,227
2717,YDR218C,GTGTCAT,94
2718,YDR219C,GAGTCAT,599
2719,YDR219C,AGTCATA,598
2720,YDR220C,GAGTCAT,158
2721,YDR220C,TTAGTCA,179
2722,YDR220C,AGTCATA,157
2723,YDR222W,GACTCAT,13
2724,YDR222W,AGTCATA,380
2725,YDR222W,AGTCATA,118
2726,YDR222W,TAGTCAT,119
2727,YDR223W,TGAGTCA,141
2728,YDR223W,ATGAGTC,142
2729,YDR227W,TTAGTCA,245
2730,YDR229W,AGTCATC,358
2731,YDR233C,GACTCAT,529
2732,YDR233C,AGTCATA,352
2733,YDR233C,CAGTCAT,508
2734,YDR233C,AGTCATC,507
2735,YDR234W,TATGACT,426
2736,YDR234W,ATGACTG,270
2737,YDR234W,GATGACT,271
2738,YDR234W,ATGAGTC,249
2739,YDR239C,GAGTCAC,409
2740,YDR240C,ATGACTG,304
2741,YDR240C,GATGACT,305
2742,YDR242W,ATGACAC,318
2743,YDR242W,GTGTCAT,265
2744,YDR243C,TGACTCA,395
2745,YDR243C,GTGACTC,396
2746,YDR243C,GACTCAT,394
2747,YDR244W,TGACTAA,304
2748,YDR246W,TGACTCA,463
2749,YDR246W,GTGACTC,464
2750,YDR252W,GTGACTC,577
2751,YDR257C,TATGACT,33
2752,YDR257C,ATGACTA,32
2753,YDR258C,TGACTCA,119
2754,YDR262W,ATGACTA,595
2755,YDR262W,GATGACT,596
2756,YDR269C,TGAGTCA,121
2757,YDR274C,ATGACAC,530
2758,YDR274C,ATGACAC,97
2759,YDR275W,GTGTCAT,201
2760,YDR277C,ATGACTG,436
2761,YDR277C,GATGACT,437
2762,YDR277C,AGTCATA,534
2763,YDR277C,CAGTCAT,535
2764,YDR278C,AGTCATA,93
2765,YDR278C,TAGTCAT,94
2766,YDR281C,GTGTCAT,428
2767,YDR284C,TTAGTCA,476
2768,YDR285W,TGACTAA,547
2769,YDR286C,TATGACT,224
2770,YDR286C,ATGACTG,223
2771,YDR287W,AGTCATA,202
2772,YDR287W,CAGTCAT,203
2773,YDR288W,TGACTCA,175
2774,YDR292C,AGTCATA,433
2775,YDR295C,ATGAGTC,383
2776,YDR296W,GACTCAT,188
2777,YDR300C,ATGACAC,221
2778,YDR300C,AGTCATA,18
2779,YDR300C,TAGTCAT,19
2780,YDR301W,TATGACT,549
2781,YDR301W,ATGACTA,548
2782,YDR301W,GTGTCAT,346
2783,YDR305C,GATGACT,402
2784,YDR306C,TGACTAA,247
2785,YDR307W,TTAGTCA,453
2786,YDR310C,TATGACT,412
2787,YDR310C,ATGACTG,411
2788,YDR311W,AGTCATA,343
2789,YDR311W,CAGTCAT,344
2790,YDR312W,CAGTCAT,174
2791,YDR314C,ATGACAC,400
2792,YDR315C,ATGACTC,370
2793,YDR316W,GATGACT,188
2794,YDR317W,GTGTCAT,152
2795,YDR320C,AGTCATC,531
2796,YDR320C-A,AGTCATC,134
2797,YDR321W,GATGACT,76
2798,YDR322C-A,AGTCATC,570
2799,YDR326C,ATGACTG,493
2800,YDR326C,GATGACT,494
2801,YDR329C,TAGTCAT,51
2802,YDR329C,AGTCATC,50
2803,YDR330W,ATGACTA,232
2804,YDR330W,GATGACT,233
2805,YDR335W,GTGTCAT,174
2806,YDR337W,TGACTAA,377
2807,YDR341C,TGAGTCA,201
2808,YDR341C,ATGAGTC,202
2809,YDR344C,TATGACT,423
2810,YDR345C,ATGACTG,261
2811,YDR346C,CAGTCAT,63
2812,YDR347W,ATGACTG,462
2813,YDR349C,TATGACT,269
2814,YDR353W,TTAGTCA,192
2815,YDR353W,TAGTCAT,191
2816,YDR354W,TGACTAA,245
2817,YDR354W,TATGACT,247
2818,YDR354W,ATGACTA,246
2819,YDR354C-A,AGTCATA,458
2820,YDR354C-A,TAGTCAT,459
2821,YDR356W,TATGACT,373
2822,YDR356W,ATGACTA,372
2823,YDR355C,AGTCATC,323
2824,YDR360W,TGACTCA,226
2825,YDR360W,ATGACTC,124
2826,YDR360W,ATGACTG,284
2827,YDR362C,AGTCATC,573
2828,YDR363W-A,ATGACTC,351
2829,YDR363W-A,TATGACT,352
2830,YDR365C,ATGACTA,424
2831,YDR365C,GATGACT,425
2832,YDR366C,ATGACAC,593
2833,YDR366C,TAGTCAT,572
2834,YDR367W,TAGTCAT,463
2835,YDR367W,AGTCATC,462
2836,YDR368W,ATGACTA,502
2837,YDR368W,GTGTCAT,481
2838,YDR369C,AGTCATA,495
2839,YDR369C,CAGTCAT,496
2840,YDR369C,GTGTCAT,367
2841,YDR376W,TGAGTCA,384
2842,YDR376W,GAGTCAT,383
2843,YDR381C-A,ATGACTA,377
2844,YDR382W,TAGTCAT,271
2845,YDR384C,TGACTCA,173
2846,YDR384C,GTGACTC,174
2847,YDR387C,TTAGTCA,198
2848,YDR388W,TGACTAA,173
2849,YDR389W,ATGACAC,549
2850,YDR395W,GTGTCAT,60
2851,YDR399W,GAGTCAC,369
2852,YDR402C,ATGACTG,133
2853,YDR403W,TGACTAA,63
2854,YDR408C,GTGACTC,182
2855,YDR408C,GTGACTC,168
2856,YDR409W,GAGTCAC,385
2857,YDR409W,GAGTCAC,371
2858,YDR420W,TAGTCAT,249
2859,YDR421W,ATGAGTC,215
2860,YDR422C,ATGACTG,337
2861,YDR422C,GATGACT,338
2862,YDR426C,GACTCAT,482
2863,YDR426C,TTAGTCA,338
2864,YDR435C,GTGACTC,45
2865,YDR438W,TTAGTCA,339
2866,YDR438W,AGTCATA,254
2867,YDR445C,ATGACTA,158
2868,YDR445C,ATGACTG,446
2869,YDR445C,GATGACT,159
2870,YDR446W,ATGACTG,411
2871,YDR453C,TTAGTCA,298
2872,YDR453C,TAGTCAT,297
2873,YDR455C,AGTCATC,592
2874,YDR463W,GACTCAT,81
2875,YDR464W,TGACTAA,341
2876,YDR464W,ATGACTA,342
2877,YDR465C,TAGTCAT,245
2878,YDR465C,AGTCATC,244
2879,YDR466W,ATGACTA,308
2880,YDR466W,GATGACT,309
2881,YDR473C,TGACTCA,204
2882,YDR473C,ATGACTC,205
2883,YDR475C,TGACTCA,528
2884,YDR475C,GACTCAT,552
2885,YDR477W,TTAGTCA,451
2886,YDR477W,AGTCATA,449
2887,YDR477W,TAGTCAT,450
2888,YDR477W,CAGTCAT,191
2889,YDR477W,GTGTCAT,109
2890,YDR480W,GTGTCAT,559
2891,YDR481C,GACTCAT,394
2892,YDR481C,CAGTCAT,593
2893,YDR482C,GATGACT,492
2894,YDR483W,ATGACTG,320
2895,YDR483W,ATGAGTC,519
2896,YDR486C,ATGACTG,313
2897,YDR486C,GATGACT,531
2898,YDR492W,TGAGTCA,30
2899,YDR501W,TGACTCA,537
2900,YDR501W,GACTCAT,536
2901,YDR502C,TAGTCAT,166
2902,YDR502C,AGTCATC,165
2903,YDR506C,AGTCATA,129
2904,YDR506C,TAGTCAT,130
2905,YDR509W,TAGTCAT,541
2906,YDR508C,TGACTAA,577
2907,YDR508C,ATGACTA,578
2908,YDR510W,TTAGTCA,385
2909,YDR510W,TAGTCAT,384
2910,YDR518W,ATGACTA,354
2911,YDR518W,GATGACT,355
2912,YDR518W,CAGTCAT,268
2913,YDR518W,AGTCATC,327
2914,YDR518W,AGTCATC,267
2915,YDR523C,ATGACAC,392
2916,YDR523C,ATGACAC,335
2917,YDR523C,GAGTCAC,262
2918,YDR524C,CAGTCAT,40
2919,YDR524W-C,ATGACTG,379
2920,YDR524C-B,GTGTCAT,182
2921,YDR524C-A,ATGACTG,571
2922,YDR524C-A,GATGACT,572
2923,YDR525W-A,CAGTCAT,41
2924,YDR525W-A,AGTCATC,40
2925,YDR527W,GTGACTC,258
2926,YDR527W,CAGTCAT,539
2927,YDR527W,AGTCATC,538
2928,YDR529C,AGTCATA,481
2929,YDR529C,ATGAGTC,502
2930,YDR533C,TGACTAA,360
2931,YDR534C,ATGACAC,152
2932,YDR535C,TGAGTCA,18
2933,YDR542W,CAGTCAT,59
2934,YDR543C,TGACTCA,343
2935,YDR543C,GACTCAT,342
2936,YEL073C,ATGACTG,385
2937,YEL072W,ATGACAC,290
2938,YEL071W,ATGACAC,182
2939,YEL071W,CAGTCAT,239
2940,YEL071W,AGTCATC,238
2941,YEL070W,GACTCAT,176
2942,YEL069C,AGTCATA,123
2943,YEL068C,TTAGTCA,377
2944,YEL066W,TGACTAA,318
2945,YEL064C,AGTCATA,394
2946,YEL063C,TGAGTCA,355
2947,YEL063C,GAGTCAT,354
2948,YEL063C,AGTCATA,353
2949,YEL062W,TGACTCA,592
2950,YEL062W,ATGACTC,593
2951,YEL062W,TATGACT,594
2952,YEL059C-A,GACTCAT,34
2953,YEL059W,TGAGTCA,93
2954,YEL058W,ATGAGTC,600
2955,YEL056W,TGACTCA,459
2956,YEL050W-A,TGACTAA,117
2957,YEL050C,TTAGTCA,515
2958,YEL050C,TAGTCAT,514
2959,YEL050C,CAGTCAT,548
2960,YEL050C,AGTCATC,513
2961,YEL047C,ATGACTG,190
2962,YEL042W,GACTCAT,431
2963,YEL038W,ATGACAC,568
2964,YEL032C-A,AGTCATC,42
2965,YEL029C,ATGACTG,169
2966,YEL029C,ATGACTG,130
2967,YEL029C,GATGACT,170
2968,YEL025C,ATGACTG,117
2969,YEL020W-A,ATGACAC,447
2970,YEL019C,TTAGTCA,312
2971,YEL016C,TGACTAA,334
2972,YEL016C,TATGACT,97
2973,YEL016C,ATGACTG,96
2974,YEL015W,TTAGTCA,83
2975,YEL015W,AGTCATA,320
2976,YEL015W,CAGTCAT,321
2977,YEL011W,ATGACTA,597
2978,YEL011W,GATGACT,598
2979,YEL011W,ATGAGTC,117
2980,YEL010W,ATGACTA,443
2981,YEL010W,GATGACT,444
2982,YEL003W,CAGTCAT,599
2983,YEL001C,GATGACT,327
2984,YER001W,TGACTCA,554
2985,YER001W,GACTCAT,121
2986,YER007W,ATGACTG,480
2987,YER007W,AGTCATA,238
2988,YER008C,TGACTAA,543
2989,YER008C,ATGACTA,544
2990,YER010C,ATGACAC,540
2991,YER010C,TGAGTCA,177
2992,YER013W,TATGACT,554
2993,YER013W,ATGACTA,553
2994,YER013W,GATGACT,430
2995,YER019C-A,TAGTCAT,338
2996,YER020W,ATGACTA,297
2997,YER021W,TAGTCAT,182
2998,YER023W,TGAGTCA,195
2999,YER023W,GAGTCAC,194
3000,YER023C-A,TAGTCAT,326
3001,YER023C-A,GTGTCAT,343
3002,YER024W,ATGACTA,138
3003,YER024W,ATGACAC,121
3004,YER028C,ATGAGTC,78
3005,YER029C,TATGACT,317
3006,YER038W-A,TGACTAA,547
3007,YER039C,ATGACTC,455
3008,YER039C,GATGACT,456
3009,YER039C-A,ATGACTC,179
3010,YER039C-A,ATGACTA,364
3011,YER039C-A,GATGACT,365
3012,YER039C-A,GATGACT,180
3013,YER040W,GAGTCAT,141
3014,YER040W,AGTCATC,140
3015,YER044C,TGACTAA,81
3016,YER044C-A,GAGTCAT,114
3017,YER044C-A,AGTCATA,113
3018,YER046W-A,CAGTCAT,107
3019,YER049W,AGTCATC,133
3020,YER049W,GTGTCAT,74
3021,YER050C,TATGACT,563
3022,YER050C,ATGACTA,562
3023,YER050C,ATGAGTC,110
3024,YER051W,GACTCAT,165
3025,YER052C,TGACTCA,283
3026,YER052C,ATGACTC,284
3027,YER053C,GACTCAT,22
3028,YER053C,ATGACAC,97
3029,YER053C-A,GATGACT,543
3030,YER055C,GTGACTC,283
3031,YER055C,TGAGTCA,184
3032,YER055C,GAGTCAC,183
3033,YER056C,ATGAGTC,285
3034,YER056C-A,TATGACT,471
3035,YER057C,TGACTCA,312
3036,YER057C,ATGACTC,313
3037,YER058W,TGAGTCA,336
3038,YER058W,GAGTCAT,335
3039,YER059W,TAGTCAT,89
3040,YER059W,AGTCATC,88
3041,YER060W,TTAGTCA,172
3042,YER060W-A,TGACTAA,23
3043,YER063W,GTGACTC,122
3044,YER063W,AGTCATA,268
3045,YER065C,TGACTCA,238
3046,YER065C,GTGACTC,239
3047,YER066W,TTAGTCA,372
3048,YER067W,ATGACTG,441
3049,YER067W,GATGACT,442
3050,YER066C-A,ATGACAC,360
3051,YER067C-A,TATGACT,486
3052,YER067C-A,ATGACTG,485
3053,YER068W,AGTCATA,7
3054,YER068W,CAGTCAT,8
3055,YER068W,GTGTCAT,493
3056,YER069W,TGACTCA,223
3057,YER069W,ATGACTC,224
3058,YER069W,ATGACTC,178
3059,YER069W,TGACTAA,354
3060,YER069W,ATGACTA,355
3061,YER069W,GATGACT,179
3062,YER073W,TGACTCA,227
3063,YER073W,GACTCAT,226
3064,YER074W-A,TTAGTCA,594
3065,YER079C-A,ATGACAC,518
3066,YER084W,ATGACTG,153
3067,YER085C,ATGACTC,210
3068,YER085C,GATGACT,211
3069,YER086W,GAGTCAT,133
3070,YER086W,AGTCATC,132
3071,YER089C,TGAGTCA,453
3072,YER089C,TTAGTCA,509
3073,YER089C,TAGTCAT,508
3074,YER089C,ATGAGTC,454
3075,YER090W,TGACTCA,162
3076,YER090W,TGACTAA,106
3077,YER090W,ATGACTA,107
3078,YER090W,GACTCAT,161
3079,YER090C-A,ATGACTC,466
3080,YER091C,GAGTCAT,354
3081,YER091C,AGTCATA,297
3082,YER091C,TAGTCAT,298
3083,YER091C,CAGTCAT,345
3084,YER091C,AGTCATC,353
3085,YER092W,ATGACTC,340
3086,YER092W,TATGACT,397
3087,YER092W,ATGACTA,396
3088,YER092W,ATGACTG,349
3089,YER092W,GATGACT,341
3090,YER094C,TAGTCAT,209
3091,YER095W,ATGACTA,431
3092,YER096W,TGACTCA,600
3093,YER096W,ATGACTA,274
3094,YER096W,GATGACT,275
3095,YER101C,TATGACT,496
3096,YER104W,ATGACTA,179
3097,YER104W,AGTCATC,72
3098,YER110C,TGACTCA,540
3099,YER110C,TTAGTCA,131
3100,YER111C,TGACTAA,313
3101,YER116C,TGAGTCA,56
3102,YER117W,TGACTCA,547
3103,YER122C,ATGACAC,213
3104,YER123W,GTGTCAT,254
3105,YER124C,TAGTCAT,214
3106,YER125W,TGAGTCA,280
3107,YER126C,TTAGTCA,48
3108,YER127W,TGACTAA,260
3109,YER128W,TGACTAA,75
3110,YER128W,ATGACTA,76
3111,YER128W,GAGTCAC,525
3112,YER129W,TAGTCAT,400
3113,YER132C,TTAGTCA,81
3114,YER132C,TAGTCAT,80
3115,YER135C,TAGTCAT,189
3116,YER135C,AGTCATC,188
3117,YER137C,TAGTCAT,50
3118,YER137C,AGTCATC,49
3119,YER138W-A,ATGACTA,257
3120,YER138W-A,GATGACT,258
3121,YER138W-A,TAGTCAT,78
3122,YER138W-A,AGTCATC,77
3123,YER142C,AGTCATC,490
3124,YER144C,CAGTCAT,372
3125,YER147C-A,ATGACTG,226
3126,YER147C-A,TGAGTCA,85
3127,YER147C-A,GAGTCAT,84
3128,YER147C-A,AGTCATC,83
3129,YER148W-A,TGACTCA,493
3130,YER148W-A,ATGACTC,494
3131,YER148W-A,GATGACT,495
3132,YER148W-A,CAGTCAT,352
3133,YER151C,CAGTCAT,349
3134,YER152W-A,TGACTCA,351
3135,YER152W-A,GACTCAT,350
3136,YER165W,GTGTCAT,217
3137,YER167W,AGTCATA,212
3138,YER167W,TAGTCAT,213
3139,YER170W,TGACTCA,217
3140,YER171W,GTGACTC,339
3141,YER171W,ATGACAC,570
3142,YER173W,CAGTCAT,285
3143,YER172C-A,TATGACT,547
3144,YER174C,GAGTCAC,385
3145,YER175C,TGACTCA,170
3146,YER175C,ATGACTC,171
3147,YER175C,TGACTAA,321
3148,YER175C,AGTCATA,580
3149,YER175W-A,TGAGTCA,123
3150,YER175W-A,GAGTCAT,122
3151,YER178W,ATGACTC,141
3152,YER181C,AGTCATA,406
3153,YER181C,CAGTCAT,407
3154,YER182W,TATGACT,329
3155,YER182W,ATGACTG,328
3156,YER184C,TTAGTCA,447
3157,YER184C,AGTCATA,445
3158,YER184C,TAGTCAT,446
3159,YER185W,TGACTAA,333
3160,YER185W,TATGACT,335
3161,YER185W,ATGACTA,334
3162,YER187W,ATGACAC,101
3163,YER188W,ATGACAC,55
3164,YFL061W,AGTCATC,156
3165,YFL058W,ATGAGTC,384
3166,YFL053W,TGACTAA,13
3167,YFL051C,TATGACT,600
3168,YFL046W,TTAGTCA,51
3169,YFL046W,TAGTCAT,50
3170,YFL031C-A,TGACTAA,571
3171,YFL031C-A,ATGACTA,572
3172,YFL031C-A,GATGACT,573
3173,YFL031C-A,ATGACAC,357
3174,YFL030W,TTAGTCA,151
3175,YFL030W,TAGTCAT,150
3176,YFL030W,AGTCATC,149
3177,YFL030W,GTGTCAT,365
3178,YFL028C,TGACTCA,102
3179,YFL028C,ATGACTC,103
3180,YFL028C,GATGACT,104
3181,YFL028C,TTAGTCA,267
3182,YFL025C,AGTCATA,147
3183,YFL025C,ATGAGTC,124
3184,YFL021W,ATGACTG,317
3185,YFL021W,ATGAGTC,75
3186,YFL021C-A,TATGACT,32
3187,YFL021C-A,TATGACT,20
3188,YFL021C-A,ATGACTA,31
3189,YFL021C-A,ATGACTA,19
3190,YFL018C,TGACTCA,114
3191,YFL018C,ATGACTC,248
3192,YFL018C,GATGACT,249
3193,YFL018C,TAGTCAT,342
3194,YFL017W-A,ATGACTA,236
3195,YFL017W-A,TGAGTCA,464
3196,YFL017W-A,GAGTCAT,330
3197,YFL017W-A,AGTCATC,329
3198,YFL015C,TATGACT,366
3199,YFL013W-A,AGTCATA,476
3200,YFL012W-A,GAGTCAT,97
3201,YFL012W-A,AGTCATC,96
3202,YFL013C,ATGACAC,293
3203,YFL012W,GTGTCAT,430
3204,YFL010C,TTAGTCA,90
3205,YFL010C,TAGTCAT,89
3206,YFL009W,TGACTAA,318
3207,YFL009W,ATGACTA,319
3208,YFL008W,ATGACAC,245
3209,YFL005W,TATGACT,565
3210,YFL005W,ATGACTG,564
3211,YFL004W,GAGTCAT,201
3212,YFL001W,GAGTCAT,290
3213,YFR002W,TGACTAA,285
3214,YFR005C,ATGACAC,202
3215,YFR006W,GTGTCAT,76
3216,YFR007W,TGACTCA,573
3217,YFR007W,GACTCAT,572
3218,YFR008W,TTAGTCA,294
3219,YFR010W-A,ATGACAC,500
3220,YFR010W-A,GTGTCAT,361
3221,YFR014C,ATGACTC,519
3222,YFR014C,ATGACTA,473
3223,YFR014C,GATGACT,474
3224,YFR015C,TATGACT,256
3225,YFR015C,ATGACTA,255
3226,YFR017C,GATGACT,584
3227,YFR017C,GATGACT,365
3228,YFR020W,CAGTCAT,506
3229,YFR021W,TGACTCA,390
3230,YFR021W,GAGTCAC,345
3231,YFR026C,ATGACTC,592
3232,YFR027W,CAGTCAT,341
3233,YFR028C,TGAGTCA,257
3234,YFR028C,GAGTCAT,256
3235,YFR029W,TAGTCAT,105
3236,YFR029W,AGTCATC,104
3237,YFR030W,GACTCAT,179
3238,YFR030W,TAGTCAT,151
3239,YFR030W,AGTCATC,150
3240,YFR031C,TAGTCAT,389
3241,YFR034C,ATGAGTC,110
3242,YFR035C,ATGACTC,268
3243,YFR035C,TATGACT,269
3244,YFR036W,GAGTCAT,236
3245,YFR036W,AGTCATA,235
3246,YFR037C,CAGTCAT,227
3247,YFR037C,AGTCATC,226
3248,YFR037C,GTGTCAT,393
3249,YFR041C,TGACTAA,470
3250,YFR043C,AGTCATC,165
3251,YFR044C,TATGACT,312
3252,YFR044C,ATGACTA,311
3253,YFR045W,AGTCATA,255
3254,YFR045W,TAGTCAT,256
3255,YFR046C,ATGACAC,41
3256,YFR047C,ATGACTC,119
3257,YFR049W,TGACTAA,223
3258,YFR049W,TATGACT,225
3259,YFR049W,ATGACTA,224
3260,YFR049W,TTAGTCA,323
3261,YFR049W,AGTCATA,321
3262,YFR049W,TAGTCAT,322
3263,YFR056C,CAGTCAT,200
3264,YFR056C,AGTCATC,199
3265,YGL261C,ATGACTG,120
3266,YGL261C,GATGACT,121
3267,YGL260W,CAGTCAT,94
3268,YGL260W,AGTCATC,93
3269,YGL255W,GTGACTC,541
3270,YGL255W,GATGACT,120
3271,YGL255W,TTAGTCA,497
3272,YGL252C,TTAGTCA,199
3273,YGL250W,TTAGTCA,400
3274,YGL248W,ATGACTC,479
3275,YGL247W,GACTCAT,40
3276,YGL242C,AGTCATA,59
3277,YGL241W,TATGACT,195
3278,YGL240W,GACTCAT,299
3279,YGL238W,GTGTCAT,539
3280,YGL237C,CAGTCAT,269
3281,YGL236C,TTAGTCA,412
3282,YGL234W,TGACTAA,280
3283,YGL232W,ATGACAC,324
3284,YGL232W,GTGTCAT,273
3285,YGL225W,TATGACT,418
3286,YGL225W,ATGACTG,417
3287,YGL224C,TTAGTCA,293
3288,YGL224C,TAGTCAT,292
3289,YGL224C,AGTCATC,291
3290,YGL223C,TGAGTCA,475
3291,YGL220W,CAGTCAT,467
3292,YGL218W,GATGACT,276
3293,YGL219C,GAGTCAT,82
3294,YGL219C,AGTCATC,316
3295,YGL216W,ATGACTC,552
3296,YGL216W,GATGACT,318
3297,YGL215W,TTAGTCA,521
3298,YGL215W,TAGTCAT,520
3299,YGL213C,TATGACT,162
3300,YGL213C,AGTCATA,374
3301,YGL212W,TATGACT,351
3302,YGL212W,AGTCATA,29
3303,YGL211W,GTGACTC,501
3304,YGL210W,ATGACAC,262
3305,YGL207W,GAGTCAC,98
3306,YGL204C,ATGACTG,484
3307,YGL204C,GATGACT,485
3308,YGL202W,TGACTAA,208
3309,YGL202W,TATGACT,210
3310,YGL202W,ATGACTA,209
3311,YGL201C,GTGTCAT,485
3312,YGL196W,TATGACT,504
3313,YGL196W,ATGACTA,503
3314,YGL187C,TTAGTCA,95
3315,YGL186C,ATGACTC,218
3316,YGL186C,TATGACT,219
3317,YGL184C,TGACTCA,389
3318,YGL184C,GACTCAT,388
3319,YGL184C,GACTCAT,272
3320,YGL184C,CAGTCAT,93
3321,YGL182C,TGACTAA,306
3322,YGL181W,TTAGTCA,10
3323,YGL179C,GTGACTC,70
3324,YGL178W,TGAGTCA,361
3325,YGL177W,TGAGTCA,568
3326,YGL173C,TGACTAA,89
3327,YGL172W,TTAGTCA,504
3328,YGL170C,ATGACTC,365
3329,YGL170C,TATGACT,366
3330,YGL169W,GAGTCAT,306
3331,YGL169W,AGTCATA,305
3332,YGL158W,AGTCATC,19
3333,YGL155W,AGTCATC,103
3334,YGL154C,TGACTAA,52
3335,YGL154C,TATGACT,54
3336,YGL154C,ATGACTA,53
3337,YGL154C,GACTCAT,247
3338,YGL153W,TTAGTCA,131
3339,YGL153W,AGTCATA,129
3340,YGL153W,TAGTCAT,130
3341,YGL150C,TAGTCAT,506
3342,YGL150C,AGTCATC,505
3343,YGL148W,TGACTAA,141
3344,YGL148W,ATGACTA,326
3345,YGL148W,GATGACT,327
3346,YGL146C,TATGACT,301
3347,YGL146C,GTGTCAT,16
3348,YGL145W,ATGACAC,547
3349,YGL145W,AGTCATA,262
3350,YGL142C,GAGTCAT,160
3351,YGL142C,AGTCATC,159
3352,YGL141W,ATGACTC,80
3353,YGL141W,GATGACT,81
3354,YGL136C,ATGACTA,32
3355,YGL134W,ATGACTC,311
3356,YGL134W,TATGACT,312
3357,YGL134W,GATGACT,599
3358,YGL132W,TTAGTCA,276
3359,YGL132W,GTGTCAT,158
3360,YGL127C,ATGACTG,471
3361,YGL125W,TGACTCA,383
3362,YGL125W,TGACTCA,252
3363,YGL125W,ATGACTC,384
3364,YGL125W,TATGACT,385
3365,YGL125W,TTAGTCA,304
3366,YGL125W,TAGTCAT,303
3367,YGL123C-A,GAGTCAC,72
3368,YGL122C,ATGACAC,297
3369,YGL117W,ATGACAC,393
3370,YGL117W,TGAGTCA,255
3371,YGL117W,GAGTCAT,254
3372,YGL117W,ATGAGTC,256
3373,YGL116W,GATGACT,559
3374,YGL116W,CAGTCAT,135
3375,YGL116W,AGTCATC,134
3376,YGL114W,GAGTCAC,61
3377,YGL114W,CAGTCAT,393
3378,YGL113W,GAGTCAT,590
3379,YGL113W,AGTCATA,589
3380,YGL110C,TATGACT,246
3381,YGL110C,ATGACTG,245
3382,YGL109W,GAGTCAC,487
3383,YGL108C,GAGTCAT,366
3384,YGL108C,AGTCATA,365
3385,YGL107C,GTGTCAT,50
3386,YGL106W,ATGACAC,243
3387,YGL105W,AGTCATA,261
3388,YGL105W,AGTCATA,90
3389,YGL105W,TAGTCAT,262
3390,YGL105W,TAGTCAT,178
3391,YGL105W,CAGTCAT,91
3392,YGL102C,ATGACTC,542
3393,YGL102C,CAGTCAT,266
3394,YGL098W,ATGACTG,338
3395,YGL097W,AGTCATC,73
3396,YGL096W,CAGTCAT,123
3397,YGL092W,ATGACTA,245
3398,YGL092W,GATGACT,246
3399,YGL091C,AGTCATC,259
3400,YGL090W,GATGACT,24
3401,YGL090W,CAGTCAT,283
3402,YGL075C,TATGACT,390
3403,YGL075C,ATGACTA,389
3404,YGL073W,AGTCATA,281
3405,YGL073W,TAGTCAT,282
3406,YGL074C,TGAGTCA,79
3407,YGL074C,GAGTCAT,78
3408,YGL072C,GACTCAT,65
3409,YGL072C,ATGACAC,459
3410,YGL071W,ATGAGTC,591
3411,YGL071W,GTGTCAT,197
3412,YGL068W,AGTCATA,265
3413,YGL068W,TAGTCAT,266
3414,YGL067W,AGTCATC,592
3415,YGL061C,TGACTCA,272
3416,YGL061C,TGACTCA,52
3417,YGL061C,GTGACTC,53
3418,YGL060W,TGAGTCA,308
3419,YGL060W,TGAGTCA,88
3420,YGL060W,GAGTCAC,307
3421,YGL059W,TGAGTCA,153
3422,YGL059W,GAGTCAT,152
3423,YGL059W,AGTCATC,151
3424,YGL057C,GTGTCAT,307
3425,YGL056C,ATGACTA,138
3426,YGL056C,GATGACT,139
3427,YGL056C,ATGACAC,338
3428,YGL056C,GTGTCAT,246
3429,YGL052W,GTGTCAT,54
3430,YGL051W,AGTCATA,31
3431,YGL051W,TAGTCAT,32
3432,YGL051W,GTGTCAT,304
3433,YGL045W,TGAGTCA,163
3434,YGL044C,GAGTCAC,139
3435,YGL043W,GTGACTC,314
3436,YGL042C,GTGACTC,269
3437,YGL040C,ATGACTG,599
3438,YGL040C,TGAGTCA,523
3439,YGL039W,GTGTCAT,280
3440,YGL038C,AGTCATC,553
3441,YGL033W,TGACTCA,331
3442,YGL033W,GTGACTC,430
3443,YGL032C,TGACTAA,414
3444,YGL032C,ATGACTA,415
3445,YGL029W,GTGACTC,456
3446,YGL026C,TGACTAA,106
3447,YGL026C,ATGACTA,107
3448,YGL025C,ATGACTG,589
3449,YGL025C,GATGACT,590
3450,YGL023C,TATGACT,77
3451,YGL023C,ATGACTA,76
3452,YGL023C,ATGACTG,409
3453,YGL023C,GATGACT,410
3454,YGL022W,AGTCATA,229
3455,YGL022W,TAGTCAT,409
3456,YGL022W,TAGTCAT,230
3457,YGL022W,CAGTCAT,306
3458,YGL021W,TGACTAA,202
3459,YGL021W,ATGACTA,203
3460,YGL017W,ATGACTG,367
3461,YGL017W,GATGACT,368
3462,YGL014C-A,TGAGTCA,108
3463,YGL014C-A,GAGTCAT,107
3464,YGL014C-A,ATGAGTC,237
3465,YGL013C,ATGAGTC,355
3466,YGL012W,GACTCAT,208
3467,YGL009C,TGACTCA,301
3468,YGL009C,ATGACTC,302
3469,YGL009C,GATGACT,303
3470,YGL009C,ATGAGTC,173
3471,YGL007W,AGTCATA,599
3472,YGL007W,CAGTCAT,600
3473,YGL006W,TTAGTCA,277
3474,YGL003C,TAGTCAT,539
3475,YGR001C,TGACTAA,60
3476,YGR003W,GAGTCAC,496
3477,YGR004W,TGAGTCA,282
3478,YGR009C,TGACTAA,465
3479,YGR009C,TATGACT,99
3480,YGR010W,TTAGTCA,84
3481,YGR010W,AGTCATA,450
3482,YGR011W,ATGACTG,157
3483,YGR013W,TATGACT,582
3484,YGR013W,ATGACTA,581
3485,YGR013W,GTGTCAT,243
3486,YGR016W,AGTCATA,446
3487,YGR016W,TAGTCAT,447
3488,YGR023W,CAGTCAT,284
3489,YGR023W,AGTCATC,283
3490,YGR024C,CAGTCAT,49
3491,YGR026W,ATGACTG,346
3492,YGR029W,TTAGTCA,70
3493,YGR029W,AGTCATA,68
3494,YGR029W,TAGTCAT,69
3495,YGR035W-A,TTAGTCA,279
3496,YGR039W,ATGACTA,291
3497,YGR039W,GATGACT,292
3498,YGR043C,AGTCATA,89
3499,YGR043C,AGTCATA,46
3500,YGR043C,CAGTCAT,90
3501,YGR044C,AGTCATA,55
3502,YGR044C,GTGTCAT,205
3503,YGR048W,TAGTCAT,475
3504,YGR048W,AGTCATC,474
3505,YGR049W,TGACTAA,409
3506,YGR050C,TGACTAA,101
3507,YGR050C,ATGACTA,102
3508,YGR051C,GAGTCAT,584
3509,YGR051C,TAGTCAT,175
3510,YGR051C,AGTCATC,583
3511,YGR051C,AGTCATC,174
3512,YGR052W,ATGACTA,198
3513,YGR052W,GATGACT,199
3514,YGR053C,ATGAGTC,207
3515,YGR055W,TGACTCA,272
3516,YGR055W,TGAGTCA,170
3517,YGR057C,ATGACTG,484
3518,YGR057C,GATGACT,485
3519,YGR057C,ATGACAC,356
3520,YGR058W,CAGTCAT,157
3521,YGR058W,AGTCATC,156
3522,YGR058W,GTGTCAT,285
3523,YGR061C,ATGACTA,521
3524,YGR061C,GACTCAT,197
3525,YGR063C,GAGTCAC,480
3526,YGR065C,ATGACTC,110
3527,YGR067C,ATGACTG,545
3528,YGR067C,GATGACT,546
3529,YGR067C,GAGTCAT,221
3530,YGR068W-A,ATGACAC,528
3531,YGR072W,ATGACTA,342
3532,YGR074W,ATGACTC,41
3533,YGR074W,GATGACT,42
3534,YGR074W,CAGTCAT,343
3535,YGR074W,AGTCATC,342
3536,YGR076C,ATGACTG,103
3537,YGR084C,GAGTCAC,356
3538,YGR094W,GAGTCAC,98
3539,YGR099W,TAGTCAT,498
3540,YGR099W,AGTCATC,497
3541,YGR103W,GATGACT,348
3542,YGR105W,GTGTCAT,546
3543,YGR112W,GTGTCAT,182
3544,YGR116W,ATGACTA,488
3545,YGR116W,GATGACT,489
3546,YGR116W,GAGTCAT,251
3547,YGR114C,TAGTCAT,518
3548,YGR115C,TAGTCAT,21
3549,YGR115C,CAGTCAT,191
3550,YGR115C,AGTCATC,190
3551,YGR119C,ATGACTA,489
3552,YGR120C,AGTCATA,30
3553,YGR120C,CAGTCAT,31
3554,YGR124W,TGACTCA,197
3555,YGR124W,TATGACT,131
3556,YGR124W,GACTCAT,196
3557,YGR125W,TATGACT,299
3558,YGR125W,ATGACTA,298
3559,YGR126W,AGTCATA,27
3560,YGR132C,GTGACTC,591
3561,YGR132C,TATGACT,530
3562,YGR132C,TATGACT,277
3563,YGR132C,ATGACTA,282
3564,YGR133W,AGTCATA,173
3565,YGR133W,TAGTCAT,174
3566,YGR138C,GAGTCAT,495
3567,YGR140W,ATGACTG,439
3568,YGR150C,ATGACTG,549
3569,YGR152C,AGTCATA,418
3570,YGR152C,CAGTCAT,419
3571,YGR153W,TATGACT,188
3572,YGR153W,ATGACTG,187
3573,YGR154C,GTGTCAT,233
3574,YGR155W,ATGACAC,448
3575,YGR161C,ATGACAC,518
3576,YGR161W-C,GTGTCAT,295
3577,YGR167W,GAGTCAC,59
3578,YGR172C,AGTCATC,66
3579,YGR173W,GATGACT,203
3580,YGR178C,ATGAGTC,500
3581,YGR179C,GATGACT,380
3582,YGR179C,GAGTCAC,134
3583,YGR181W,TTAGTCA,211
3584,YGR183C,ATGACTC,471
3585,YGR183C,ATGACTC,453
3586,YGR183C,GATGACT,472
3587,YGR183C,GATGACT,454
3588,YGR185C,TTAGTCA,58
3589,YGR185C,TAGTCAT,57
3590,YGR186W,TGACTAA,202
3591,YGR186W,ATGACTA,203
3592,YGR191W,TGACTCA,46
3593,YGR191W,GACTCAT,45
3594,YGR191W,GAGTCAT,380
3595,YGR191W,AGTCATC,379
3596,YGR191W,GTGTCAT,157
3597,YGR192C,TGACTAA,152
3598,YGR192C,ATGACAC,285
3599,YGR192C,TTAGTCA,600
3600,YGR193C,ATGACTC,489
3601,YGR193C,TATGACT,490
3602,YGR193C,TAGTCAT,195
3603,YGR193C,AGTCATC,194
3604,YGR197C,ATGACTC,235
3605,YGR197C,GATGACT,236
3606,YGR198W,GTGACTC,583
3607,YGR198W,GAGTCAT,324
3608,YGR198W,TTAGTCA,560
3609,YGR198W,AGTCATA,558
3610,YGR198W,TAGTCAT,559
3611,YGR198W,AGTCATC,323
3612,YGR199W,ATGACAC,573
3613,YGR202C,TAGTCAT,266
3614,YGR202C,ATGAGTC,290
3615,YGR203W,ATGACTA,229
3616,YGR203W,GACTCAT,205
3617,YGR204W,ATGACTC,214
3618,YGR204W,CAGTCAT,154
3619,YGR207C,TATGACT,477
3620,YGR207C,ATGACTG,476
3621,YGR212W,ATGACTA,413
3622,YGR212W,CAGTCAT,484
3623,YGR215W,GTGTCAT,266
3624,YGR216C,ATGACTA,521
3625,YGR220C,ATGACAC,374
3626,YGR221C,ATGAGTC,429
3627,YGR222W,GACTCAT,508
3628,YGR237C,TAGTCAT,386
3629,YGR238C,ATGACAC,262
3630,YGR239C,TGACTAA,156
3631,YGR239C,ATGACTA,157
3632,YGR239C,GATGACT,158
3633,YGR242W,ATGACAC,432
3634,YGR244C,TGAGTCA,48
3635,YGR246C,GTGACTC,162
3636,YGR246C,AGTCATA,12
3637,YGR246C,TAGTCAT,13
3638,YGR247W,GAGTCAC,538
3639,YGR253C,TGAGTCA,583
3640,YGR253C,GAGTCAT,582
3641,YGR253C,AGTCATA,581
3642,YGR257C,ATGACAC,239
3643,YGR258C,TGAGTCA,279
3644,YGR261C,ATGACTA,546
3645,YGR262C,GAGTCAT,562
3646,YGR267C,TGACTCA,43
3647,YGR267C,GTGACTC,44
3648,YGR267C,GACTCAT,42
3649,YGR270W,AGTCATA,72
3650,YGR270W,CAGTCAT,73
3651,YGR273C,TGAGTCA,537
3652,YGR273C,GAGTCAT,536
3653,YGR273C,AGTCATA,535
3654,YGR275W,TAGTCAT,433
3655,YGR275W,AGTCATC,432
3656,YGR276C,ATGACTG,43
3657,YGR276C,GATGACT,44
3658,YGR280C,TTAGTCA,353
3659,YGR280C,AGTCATA,351
3660,YGR280C,TAGTCAT,352
3661,YGR285C,TGACTAA,364
3662,YGR286C,ATGACTC,378
3663,YGR286C,GATGACT,379
3664,YGR286C,TAGTCAT,391
3665,YGR291C,GAGTCAT,285
3666,YGR291C,AGTCATA,284
3667,YGR291C,TAGTCAT,101
3668,YGR291C,ATGAGTC,385
3669,YHL046C,ATGACTG,129
3670,YHL046C,GATGACT,130
3671,YHL045W,CAGTCAT,94
3672,YHL045W,AGTCATC,93
3673,YHL042W,TGACTCA,542
3674,YHL040C,TGACTAA,552
3675,YHL039W,TTAGTCA,266
3676,YHL037C,GTGACTC,597
3677,YHL036W,TGAGTCA,124
3678,YHL035C,ATGACAC,257
3679,YHL034W-A,GTGTCAT,169
3680,YHL034C,GAGTCAC,588
3681,YHL033C,ATGACTG,270
3682,YHL031C,ATGACAC,208
3683,YHL030W,GTGTCAT,396
3684,YHL029C,GACTCAT,178
3685,YHL027W,GAGTCAC,148
3686,YHL023C,GAGTCAT,31
3687,YHL023C,AGTCATC,30
3688,YHL022C,GAGTCAT,506
3689,YHL022C,AGTCATA,505
3690,YHL020C,TAGTCAT,9
3691,YHL019W-A,ATGACTA,252
3692,YHL018W,TAGTCAT,394
3693,YHL016C,TGACTCA,427
3694,YHL016C,AGTCATA,460
3695,YHL016C,CAGTCAT,461
3696,YHL015W-A,TGAGTCA,34
3697,YHL006W-A,GACTCAT,128
3698,YHL006W-A,GTGTCAT,270
3699,YHL002C-A,AGTCATA,218
3700,YHL001W,TGACTCA,494
3701,YHL001W,ATGACTC,495
3702,YHL001W,GACTCAT,493
3703,YHR001W,TTAGTCA,364
3704,YHR001W,TAGTCAT,363
3705,YHR001W-A,ATGACTG,317
3706,YHR006W,GAGTCAT,188
3707,YHR006W,AGTCATC,187
3708,YHR009C,GACTCAT,496
3709,YHR010W,ATGAGTC,351
3710,YHR015W,ATGACTG,435
3711,YHR015W,GATGACT,436
3712,YHR018C,TGACTCA,179
3713,YHR018C,ATGACTC,180
3714,YHR019C,TGACTCA,261
3715,YHR019C,GTGACTC,262
3716,YHR019C,AGTCATA,138
3717,YHR019C,CAGTCAT,139
3718,YHR020W,TATGACT,306
3719,YHR020W,ATGACTG,305
3720,YHR020W,TGAGTCA,183
3721,YHR020W,GAGTCAC,182
3722,YHR022C-A,ATGACAC,49
3723,YHR023W,GTGTCAT,317
3724,YHR024C,ATGACTC,151
3725,YHR024C,GATGACT,152
3726,YHR025W,GAGTCAT,101
3727,YHR025W,AGTCATC,100
3728,YHR026W,GACTCAT,120
3729,YHR027C,TGACTCA,369
3730,YHR028W-A,TGAGTCA,283
3731,YHR028W-A,GAGTCAT,282
3732,YHR028W-A,ATGAGTC,284
3733,YHR028W-A,AGTCATC,281
3734,YHR029C,ATGACAC,44
3735,YHR029C,TTAGTCA,107
3736,YHR029C,TAGTCAT,106
3737,YHR029C,AGTCATC,105
3738,YHR031C,TGACTAA,393
3739,YHR031C,TATGACT,395
3740,YHR031C,ATGACTA,394
3741,YHR032C-A,ATGACAC,545
3742,YHR039C,GACTCAT,579
3743,YHR040W,ATGAGTC,542
3744,YHR046C,TGAGTCA,406
3745,YHR046C,ATGAGTC,407
3746,YHR049C-A,GACTCAT,227
3747,YHR050W,TAGTCAT,130
3748,YHR053C,AGTCATC,63
3749,YHR054C,AGTCATC,532
3750,YHR055C,AGTCATC,63
3751,YHR057C,TATGACT,477
3752,YHR059W,GTGTCAT,419
3753,YHR063C,TGAGTCA,211
3754,YHR063C,GAGTCAC,408
3755,YHR063C,GAGTCAC,210
3756,YHR063W-A,TGACTCA,68
3757,YHR063W-A,GTGACTC,69
3758,YHR063W-A,AGTCATA,278
3759,YHR063W-A,CAGTCAT,279
3760,YHR067W,ATGAGTC,356
3761,YHR069C-A,GATGACT,256
3762,YHR071W,TGACTAA,552
3763,YHR071W,ATGACTA,553
3764,YHR071W,GATGACT,554
3765,YHR072W,ATGACTC,351
3766,YHR072W,TTAGTCA,542
3767,YHR071C-A,ATGACAC,101
3768,YHR071C-A,TGAGTCA,143
3769,YHR072W-A,AGTCATC,554
3770,YHR073C-B,TATGACT,518
3771,YHR074W,AGTCATA,179
3772,YHR076W,GTGACTC,252
3773,YHR077C,TGACTAA,396
3774,YHR077C,TATGACT,398
3775,YHR077C,ATGACTA,397
3776,YHR078W,TTAGTCA,214
3777,YHR078W,AGTCATA,212
3778,YHR078W,TAGTCAT,213
3779,YHR087W,TGACTAA,91
3780,YHR089C,GTGTCAT,234
3781,YHR094C,ATGACAC,511
3782,YHR094C,TGAGTCA,496
3783,YHR100C,ATGACTA,463
3784,YHR105W,GTGTCAT,226
3785,YHR110W,ATGACTA,222
3786,YHR110W,GATGACT,223
3787,YHR111W,TGACTCA,348
3788,YHR119W,ATGACTG,416
3789,YHR119W,TTAGTCA,515
3790,YHR120W,GATGACT,95
3791,YHR120W,GTGTCAT,152
3792,YHR122W,TGACTAA,100
3793,YHR122W,ATGACTA,101
3794,YHR122W,GATGACT,102
3795,YHR124W,ATGACAC,223
3796,YHR128W,ATGACTG,391
3797,YHR132C,ATGACTC,480
3798,YHR134W,TTAGTCA,294
3799,YHR135C,GTGTCAT,396
3800,YHR136C,TATGACT,11
3801,YHR136C,GAGTCAC,44
3802,YHR137W,GTGACTC,571
3803,YHR137C-A,ATGACAC,249
3804,YHR138C,ATGACTG,409
3805,YHR138C,GATGACT,410
3806,YHR138C,TTAGTCA,533
3807,YHR143W,TAGTCAT,130
3808,YHR143W,CAGTCAT,81
3809,YHR145C,GATGACT,433
3810,YHR145C,TAGTCAT,75
3811,YHR145C,AGTCATC,74
3812,YHR145C,GTGTCAT,536
3813,YHR146W,ATGACAC,433
3814,YHR146W,AGTCATC,536
3815,YHR149C,ATGACTC,515
3816,YHR149C,GATGACT,516
3817,YHR150W,GAGTCAT,83
3818,YHR150W,AGTCATC,82
3819,YHR151C,ATGAGTC,191
3820,YHR152W,GACTCAT,401
3821,YHR161C,TGACTCA,418
3822,YHR161C,GTGACTC,419
3823,YHR161C,TAGTCAT,502
3824,YHR162W,ATGACTA,290
3825,YHR162W,TGAGTCA,374
3826,YHR162W,GAGTCAC,373
3827,YHR172W,AGTCATC,136
3828,YHR173C,AGTCATC,450
3829,YHR175W,GATGACT,585
3830,YHR177W,TATGACT,511
3831,YHR177W,ATGACTA,510
3832,YHR180W-A,AGTCATA,361
3833,YHR180W-A,TAGTCAT,362
3834,YHR180W-A,CAGTCAT,302
3835,YHR180W-A,AGTCATC,301
3836,YHR181W,CAGTCAT,598
3837,YHR181W,AGTCATC,597
3838,YHR182W,TAGTCAT,396
3839,YHR182W,AGTCATC,395
3840,YHR190W,TGACTCA,264
3841,YHR191C,TGACTCA,340
3842,YHR193C,GACTCAT,569
3843,YHR193C,ATGACAC,356
3844,YHR193C,TAGTCAT,361
3845,YHR194W,GTGACTC,536
3846,YHR194W,ATGACTA,66
3847,YHR194W,GTGTCAT,71
3848,YHR193C-A,ATGACTC,423
3849,YHR193C-A,TATGACT,424
3850,YHR193C-A,GACTCAT,108
3851,YHR195W,ATGAGTC,374
3852,YHR198C,ATGACTG,454
3853,YHR201C,TGAGTCA,374
3854,YHR201C,GAGTCAC,373
3855,YHR202W,AGTCATA,586
3856,YHR208W,TGACTCA,171
3857,YHR208W,ATGACTC,172
3858,YHR208W,TATGACT,173
3859,YHR211W,GTGTCAT,535
3860,YHR213W,TATGACT,239
3861,YHR214W-A,GTGTCAT,315
3862,YIL177W-A,GTGTCAT,242
3863,YIL171W-A,TGACTAA,34
3864,YIL171W-A,ATGACTA,35
3865,YIL171W-A,GATGACT,36
3866,YIL166C,TAGTCAT,571
3867,YIL166C,CAGTCAT,327
3868,YIL165C,TTAGTCA,341
3869,YIL164C,TGACTCA,112
3870,YIL164C,GTGACTC,113
3871,YIL164C,TATGACT,52
3872,YIL164C,GACTCAT,111
3873,YIL163C,TTAGTCA,383
3874,YIL163C,GTGTCAT,329
3875,YIL153W,TTAGTCA,202
3876,YIL152W,TATGACT,130
3877,YIL150C,ATGACAC,209
3878,YIL146C,GATGACT,474
3879,YIL133C,ATGACTA,447
3880,YIL132C,TATGACT,133
3881,YIL129C,TGACTCA,297
3882,YIL129C,GTGACTC,486
3883,YIL129C,GACTCAT,296
3884,YIL129C,GTGTCAT,575
3885,YIL128W,TGAGTCA,278
3886,YIL128W,GAGTCAC,89
3887,YIL128W,ATGAGTC,279
3888,YIL116W,TGACTCA,202
3889,YIL116W,TGACTAA,334
3890,YIL116W,TGACTAA,273
3891,YIL116W,ATGACTA,570
3892,YIL116W,ATGACTA,335
3893,YIL116W,ATGACTA,274
3894,YIL116W,GATGACT,571
3895,YIL116W,GATGACT,275
3896,YIL114C,ATGACAC,269
3897,YIL113W,GTGTCAT,308
3898,YIL112W,GTGACTC,233
3899,YIL111W,ATGACTG,96
3900,YIL111W,ATGACAC,257
3901,YIL110W,AGTCATC,61
3902,YIL105C,GAGTCAC,490
3903,YIL102C-A,ATGACTG,84
3904,YIL102C-A,GATGACT,85
3905,YIL101C,GTGACTC,563
3906,YIL100C-A,GTGACTC,132
3907,YIL099W,GAGTCAC,197
3908,YIL097W,ATGAGTC,228
3909,YIL096C,TATGACT,304
3910,YIL095W,AGTCATA,512
3911,YIL094C,ATGACTC,159
3912,YIL094C,GATGACT,160
3913,YIL093C,TGACTCA,502
3914,YIL093C,ATGACTC,503
3915,YIL093C,GATGACT,504
3916,YIL086C,GTGTCAT,506
3917,YIL085C,TGACTCA,479
3918,YIL085C,TGACTAA,239
3919,YIL084C,AGTCATC,357
3920,YIL079C,ATGACAC,433
3921,YIL079C,GAGTCAT,295
3922,YIL078W,ATGACTC,205
3923,YIL078W,GAGTCAC,573
3924,YIL078W,GTGTCAT,67
3925,YIL074C,GAGTCAC,154
3926,YIL073C,ATGACAC,58
3927,YIL072W,GTGTCAT,596
3928,YIL069C,GTGTCAT,350
3929,YIL068W-A,ATGACAC,300
3930,YIL066W-A,GAGTCAC,339
3931,YIL067C,TGAGTCA,357
3932,YIL067C,GAGTCAT,356
3933,YIL063C,GTGACTC,564
3934,YIL061C,ATGACAC,68
3935,YIL060W,TAGTCAT,75
3936,YIL060W,AGTCATC,74
3937,YIL058W,TAGTCAT,597
3938,YIL058W,AGTCATC,596
3939,YIL059C,ATGACTA,232
3940,YIL056W,TGAGTCA,273
3941,YIL051C,TGACTAA,105
3942,YIL051C,TATGACT,107
3943,YIL051C,ATGACTA,106
3944,YIL050W,TTAGTCA,534
3945,YIL050W,AGTCATA,532
3946,YIL050W,TAGTCAT,533
3947,YIL048W,GTGTCAT,406
3948,YIL047C,TAGTCAT,285
3949,YIL047C,AGTCATC,284
3950,YIL046W-A,ATGACTA,207
3951,YIL046W-A,GATGACT,208
3952,YIL046W,ATGACTA,549
3953,YIL046W,GATGACT,550
3954,YIL044C,TTAGTCA,152
3955,YIL042C,ATGACTA,230
3956,YIL042C,GATGACT,231
3957,YIL042C,TGAGTCA,564
3958,YIL042C,TGAGTCA,52
3959,YIL042C,ATGAGTC,565
3960,YIL041W,TGACTCA,187
3961,YIL041W,TAGTCAT,9
3962,YIL041W,AGTCATC,8
3963,YIL038C,TGACTAA,224
3964,YIL034C,GTGTCAT,517
3965,YIL030W-A,ATGACTC,153
3966,YIL030W-A,GATGACT,154
3967,YIL030C,ATGACTC,264
3968,YIL030C,TATGACT,265
3969,YIL026C,GACTCAT,367
3970,YIL023C,TATGACT,563
3971,YIL023C,ATGACTG,562
3972,YIL022W,AGTCATA,182
3973,YIL022W,CAGTCAT,183
3974,YIL020C-A,GAGTCAC,547
3975,YIL020C,GAGTCAT,94
3976,YIL020C,AGTCATA,93
3977,YIL019W,ATGACTC,185
3978,YIL019W,GTGACTC,501
3979,YIL019W,TATGACT,186
3980,YIL015W,ATGAGTC,500
3981,YIL009C-A,ATGACTA,118
3982,YIL009C-A,GATGACT,119
3983,YIL007C,TGACTCA,588
3984,YIL007C,GAGTCAT,263
3985,YIL007C,GTGTCAT,412
3986,YIL006W,ATGACTC,149
3987,YIL006W,TGACTAA,479
3988,YIL004C,TGACTAA,534
3989,YIL004C,ATGACTA,535
3990,YIL003W,TTAGTCA,89
3991,YIL003W,TAGTCAT,88
3992,YIR001C,GTGTCAT,24
3993,YIR005W,ATGACTC,530
3994,YIR005W,GATGACT,531
3995,YIR006C,ATGACAC,163
3996,YIR008C,AGTCATA,556
3997,YIR008C,CAGTCAT,557
3998,YIR010W,TATGACT,575
3999,YIR010W,ATGACTG,574
4000,YIR012W,ATGACTC,583
4001,YIR012W,GATGACT,584
4002,YIR017C,TGACTAA,81
4003,YIR017C,ATGACTA,82
4004,YIR017C,ATGACTG,491
4005,YIR017C,TGAGTCA,103
4006,YIR018W,TGACTCA,393
4007,YIR018W,TTAGTCA,415
4008,YIR018W,TAGTCAT,414
4009,YIR020W-A,ATGACTG,454
4010,YIR023W,GTGTCAT,352
4011,YIR023C-A,GAGTCAT,386
4012,YIR024C,AGTCATA,27
4013,YIR025W,ATGACTC,573
4014,YIR025W,TATGACT,147
4015,YIR026C,ATGACAC,187
4016,YIR029W,ATGACAC,481
4017,YIR031C,GTGTCAT,31
4018,YIR034C,ATGACTC,571
4019,YIR034C,TGAGTCA,250
4020,YIR034C,GAGTCAT,134
4021,YIR034C,AGTCATA,133
4022,YIR034C,ATGAGTC,251
4023,YIR034C,AGTCATC,125
4024,YIR035C,ATGACAC,457
4025,YIR036W-A,GTGTCAT,394
4026,YIR040C,CAGTCAT,94
4027,YIR040C,AGTCATC,93
4028,YIR041W,ATGACTG,120
4029,YIR041W,GATGACT,121
